HomePlanet,CryoSleep,Destination,Age,VIP,RoomService,ShoppingMall,Spa,Transported
1,0,2,39,0,0,0,0,0
0,0,2,24,0,109,25,549,1
1,0,2,58,1,43,0,6715,0
1,0,2,33,0,0,371,3329,0
0,0,2,16,0,303,151,565,1
0,0,1,44,0,0,0,291,1
0,0,2,26,0,42,3,0,1
0,1,2,28,0,0,0,0,1
0,0,2,35,0,0,17,216,1
1,1,0,14,0,0,0,0,1
1,1,2,34,0,0,173,0,1
1,0,0,45,0,39,589,110,1
2,0,2,32,0,73,1123,0,1
0,0,2,48,0,719,65,0,0
0,0,2,28,0,8,12,2,1
0,0,2,31,0,32,876,0,0
2,0,0,27,0,1286,173,0,0
0,0,0,24,0,0,0,0,0
2,1,2,45,0,0,0,0,1
0,0,2,0,0,0,0,0,1
0,0,0,14,0,412,1,0,0
0,1,2,1,0,0,0,0,0
0,1,0,49,0,0,0,0,0
0,1,0,29,0,0,173,0,0
0,0,2,10,0,0,0,0,1
0,1,1,1,0,224,0,0,0
0,0,2,7,0,0,0,0,0
2,0,2,21,0,980,69,0,0
1,1,2,62,0,0,173,0,1
0,0,2,15,0,0,0,998,0
1,0,0,34,0,22,0,1438,0
2,0,2,43,0,1125,136,48,0
0,0,2,32,0,0,81,437,0
2,0,2,47,0,214,1411,0,1
2,0,2,2,0,0,0,0,1
2,0,2,20,0,224,1750,990,1
1,1,0,28,0,0,0,0,1
2,0,0,23,0,784,0,951,0
0,0,0,15,0,0,48,20,0
0,0,0,20,0,554,0,2606,0
0,1,0,30,0,0,173,0,0
0,1,2,17,0,0,0,0,1
1,0,2,45,0,0,45,2511,0
0,1,2,55,0,0,0,0,0
0,1,0,4,0,0,0,0,1
0,1,1,21,0,0,0,0,1
2,0,2,21,0,970,180,0,0
2,1,2,19,0,0,0,0,1
0,0,0,35,0,790,0,311,0
0,0,2,56,0,0,0,1379,0
0,0,2,28,0,4,2,4683,0
0,0,2,25,0,0,1938,0,1
1,0,2,2,0,0,0,0,1
1,1,2,38,0,0,0,0,1
1,0,2,27,0,279,3374,286,1
0,1,1,36,0,0,0,0,0
0,0,2,22,0,45,148,1377,0
0,0,2,62,0,0,0,17,0
2,1,2,15,0,0,0,0,1
0,1,2,33,0,0,173,0,1
0,0,2,62,0,1,197,0,0
0,1,1,0,0,0,0,0,1
0,0,2,18,0,1,446,0,1
0,0,0,21,0,1946,0,0,0
2,0,2,28,0,793,2,253,0
0,0,2,42,0,887,9,6,1
0,0,2,19,0,190,5,1,0
0,0,2,17,0,16,0,0,0
0,0,2,14,0,0,0,0,0
2,0,1,37,0,46,738,0,0
1,0,2,42,0,1,0,0,1
2,0,2,27,0,147,1018,0,1
2,0,2,28,0,14,1295,0,1
1,0,2,38,0,0,0,321,0
0,1,2,13,0,0,0,0,0
2,0,2,42,0,7406,0,0,0
2,1,2,2,0,0,0,0,1
2,0,2,8,0,0,0,0,1
0,0,2,24,0,688,0,0,1
1,1,2,40,0,0,0,0,1
0,0,2,43,0,211,0,638,0
2,1,1,45,0,0,0,0,1
0,1,2,35,0,0,0,0,1
0,1,2,26,0,224,0,0,1
0,0,2,27,0,1,31,188,0
0,0,2,19,0,0,670,1,0
0,1,2,0,0,0,173,0,1
0,1,2,3,0,0,0,0,1
1,0,2,54,0,0,0,3,0
0,0,2,26,0,0,5,32,0
0,0,2,26,0,0,957,0,1
0,0,1,23,0,311,526,37,0
0,0,2,2,0,0,0,0,1
2,1,2,31,0,0,0,0,1
0,0,2,18,0,0,0,830,0
0,0,2,24,0,0,0,0,1
0,1,0,9,0,0,0,0,1
0,1,2,6,0,0,0,0,0
0,0,2,27,0,0,570,2,0
2,0,2,21,0,1743,17,0,0
0,1,2,23,0,0,0,0,0
0,0,2,31,0,562,326,0,0
0,0,2,0,0,0,0,0,1
1,0,2,32,0,0,6,3929,0
1,0,2,40,0,0,0,0,0
1,0,2,42,0,2209,0,1868,1
1,1,2,28,0,0,0,0,1
1,1,2,29,0,0,0,0,1
1,0,0,48,1,0,87,17,1
0,0,2,64,0,0,804,0,1
0,0,2,27,0,82,429,238,0
2,0,2,26,0,0,0,0,1
1,0,2,33,0,1,0,12,1
0,0,2,39,0,0,0,65,0
1,1,2,13,0,0,0,0,1
2,1,2,24,0,0,0,0,1
0,0,2,29,0,0,0,699,0
0,0,2,18,0,55,49,0,0
2,1,2,67,0,0,0,0,1
2,0,2,35,0,701,296,0,0
2,0,2,61,1,2353,9,316,0
2,0,2,45,0,2103,0,0,0
0,1,1,22,0,0,173,0,1
2,1,2,19,0,0,0,0,1
2,0,2,36,0,2738,0,0,0
0,0,2,19,0,0,730,0,1
0,0,1,47,0,97,126,25,0
0,1,2,13,0,0,0,0,1
0,0,2,34,0,0,0,564,0
1,1,0,35,0,0,0,0,1
0,1,2,24,0,0,0,0,1
0,0,2,26,0,440,0,0,0
2,0,2,31,0,224,97,0,0
0,0,2,20,0,0,210,0,1
0,0,2,56,0,0,0,0,0
0,1,2,50,0,0,0,0,1
2,0,2,42,0,1072,10,0,0
0,1,0,28,0,0,0,0,1
0,1,0,38,0,0,0,0,0
0,0,2,41,0,0,0,0,0
0,0,2,22,0,4119,0,0,0
1,1,2,26,0,0,0,0,1
1,1,2,17,0,0,0,0,1
0,0,2,57,0,50,0,311,1
0,1,1,17,0,0,0,0,0
2,1,2,35,0,0,0,0,1
2,1,2,13,0,0,0,0,1
2,0,2,27,0,1365,48,22,0
0,1,2,31,0,0,0,0,0
0,0,2,24,0,0,0,221,0
0,1,1,19,0,0,0,0,1
0,1,2,32,0,0,0,0,1
0,0,2,58,0,0,0,5,1
0,0,0,21,0,287,16,115,0
1,0,2,38,0,0,1,14970,0
2,0,2,38,0,3414,161,28,0
0,0,2,19,0,1,673,2,1
0,0,2,0,0,0,0,0,0
0,0,2,3,0,0,0,0,1
0,0,2,20,0,0,3,299,0
1,1,2,24,0,0,0,0,1
0,0,2,37,0,17,426,0,1
0,0,2,25,0,62,0,0,0
0,1,2,56,0,0,0,0,1
0,0,0,49,0,84,401,202,0
0,1,0,11,0,0,0,0,0
0,1,2,1,0,0,0,0,1
0,0,2,8,0,0,0,0,0
0,0,2,39,0,0,10,898,0
2,1,2,2,0,0,0,0,1
2,0,2,23,0,224,8,1072,0
2,0,2,0,0,0,0,0,1
2,0,2,39,0,406,867,0,1
2,0,1,25,0,1052,719,0,0
1,0,2,36,0,0,0,795,0
0,0,1,52,0,0,0,0,1
0,1,2,18,0,0,0,0,0
0,1,2,15,0,0,0,0,1
1,1,2,35,0,0,0,0,1
1,1,2,47,0,0,0,0,1
1,1,0,45,0,0,0,0,1
1,0,0,28,0,0,173,878,1
1,1,2,51,0,0,0,0,1
0,0,2,29,0,0,66,0,0
1,0,0,28,0,2,12,1125,1
0,1,1,19,0,0,0,0,0
0,1,0,24,0,0,173,0,1
2,0,2,29,0,902,137,0,1
2,1,2,11,0,0,0,0,1
2,0,2,17,0,848,307,182,0
0,0,2,13,0,192,0,51,0
0,0,2,35,0,147,0,10,0
0,0,2,21,0,367,0,0,0
0,0,0,21,0,0,0,0,0
0,0,2,38,0,1517,0,27,0
0,1,2,19,0,0,0,0,1
0,1,2,2,0,0,0,0,1
0,0,2,0,0,0,0,0,1
0,1,2,13,0,0,0,0,0
0,0,2,25,0,122,173,0,0
0,0,2,16,0,0,0,0,0
0,0,0,1,0,0,0,0,0
0,1,2,15,0,0,0,0,1
2,0,0,21,0,2237,119,0,0
2,0,2,23,0,1215,1,2,0
2,0,2,33,0,1933,188,1,0
2,1,2,21,0,0,0,0,1
2,0,2,41,0,1230,301,43,0
2,0,2,16,0,915,221,234,0
2,1,2,42,0,0,0,0,0
2,0,2,20,0,1406,0,11,0
2,1,2,24,0,0,0,0,1
2,1,2,16,0,0,0,0,1
0,0,2,21,0,0,665,0,0
2,0,2,32,1,181,5,1634,0
0,1,1,58,0,0,0,0,1
0,0,2,24,0,4,0,713,0
2,0,2,30,0,85,1,1720,0
0,1,1,27,0,0,0,0,0
2,0,2,32,0,56,256,1438,0
0,0,2,43,0,224,0,0,0
1,1,2,42,0,0,0,0,1
2,0,2,37,0,637,0,92,0
2,1,2,35,0,0,0,0,1
1,0,0,33,0,0,0,4812,0
0,0,2,18,0,313,691,283,0
0,1,2,21,0,0,0,0,0
2,1,2,43,0,0,0,0,1
2,1,0,14,0,0,0,0,1
1,0,0,46,0,0,0,0,1
1,0,2,33,0,0,796,584,0
2,0,2,21,0,2947,287,27,0
1,0,2,33,0,0,0,8620,0
0,1,1,47,0,224,0,0,0
0,1,0,54,0,0,0,0,1
0,0,2,30,0,335,541,0,0
0,0,2,29,0,272,0,0,0
0,0,2,21,0,702,408,2,1
1,1,2,24,0,0,0,0,1
2,0,0,21,0,1664,173,0,0
2,1,2,60,0,0,0,0,1
0,0,2,22,0,0,313,299,0
1,0,2,26,0,0,0,981,0
0,0,2,26,0,66,0,0,0
0,1,2,28,0,0,0,0,1
1,1,2,39,0,0,0,311,1
0,0,2,13,0,118,0,754,0
0,0,0,47,0,0,592,0,1
0,0,2,63,0,0,128,0,0
1,1,0,28,0,0,0,0,1
0,0,0,50,0,44,0,53,1
0,0,2,35,0,0,0,888,0
0,0,2,45,0,0,0,14,0
0,0,2,19,0,0,2078,0,1
0,0,2,21,0,0,0,0,1
0,1,1,29,0,0,0,0,1
0,0,2,22,0,146,1,0,1
1,1,2,14,0,0,0,0,1
1,1,0,42,0,0,0,0,1
0,0,0,57,0,3,29,162,0
1,1,0,39,0,0,0,0,1
1,0,2,28,0,0,32,6,0
0,0,0,19,0,0,0,0,0
1,1,0,19,0,0,0,0,1
1,0,0,26,0,0,0,1157,1
1,1,2,17,0,0,0,0,1
1,0,2,43,0,0,0,0,1
1,0,0,9,0,0,0,0,1
1,0,2,40,0,0,88,1090,1
1,1,2,50,0,0,0,311,1
0,0,2,24,0,90,1324,17,1
1,1,0,57,0,0,0,0,1
0,1,2,16,0,0,0,0,0
0,0,2,23,0,0,15,0,0
0,1,2,23,0,0,0,0,1
1,0,2,28,0,0,0,1851,0
1,0,0,23,0,0,0,20,0
0,0,2,23,0,368,259,1,0
0,0,2,18,0,0,1359,0,1
0,0,2,18,0,1194,157,6,0
1,0,2,67,0,224,0,4476,0
0,0,1,60,0,7,1,0,1
0,1,0,28,0,0,173,0,1
0,0,0,49,0,331,0,318,1
0,0,0,0,0,0,0,0,1
0,0,0,26,0,386,74,0,0
0,1,1,35,0,0,0,0,1
1,0,2,24,0,0,173,170,1
1,1,2,20,0,0,0,0,1
0,0,2,18,0,0,0,311,0
0,0,2,21,0,0,3,0,0
0,0,2,59,1,1018,209,0,0
0,1,1,13,0,0,0,0,0
0,1,0,43,0,0,0,0,0
0,1,2,29,0,0,0,0,0
0,0,2,19,0,17,784,0,1
1,0,2,2,0,0,0,0,1
1,0,2,32,0,247,0,46,1
1,0,2,33,0,443,0,148,0
0,0,2,25,0,0,251,0,0
2,1,0,29,0,0,0,0,1
2,0,2,29,0,5715,211,1476,0
0,0,2,44,0,695,16,0,0
2,1,0,2,0,0,0,0,1
2,0,2,19,0,417,634,3,1
2,0,0,0,0,0,0,0,1
0,1,2,18,0,0,173,0,1
1,1,0,38,0,0,0,0,1
0,1,1,5,0,0,0,0,0
0,0,1,31,0,121,0,274,0
2,1,2,30,0,0,0,0,0
0,1,0,15,0,0,0,0,1
2,0,2,27,0,434,1434,0,0
2,0,2,22,0,142,202,3,1
2,0,2,36,0,520,1865,0,1
0,1,1,14,0,0,0,0,1
2,0,2,23,0,2001,2975,0,0
0,1,2,18,0,0,0,0,1
1,1,0,36,0,0,0,0,1
0,0,2,41,0,224,0,124,0
0,1,2,50,0,0,0,0,1
0,1,1,32,0,0,0,0,1
0,0,1,26,0,148,453,0,0
0,0,2,15,0,358,33,0,0
0,0,0,33,0,0,0,280,1
0,0,0,28,0,0,0,685,0
2,0,2,26,0,2832,4447,15,0
2,1,2,61,0,0,0,0,1
0,0,2,24,0,0,592,177,1
0,0,2,30,0,0,0,441,0
2,1,2,24,0,0,0,0,1
0,0,2,24,0,0,0,2766,0
0,1,2,41,0,0,0,0,0
0,0,2,20,0,0,558,0,0
0,0,2,22,0,116,786,6,1
1,0,0,63,0,0,0,176,0
1,0,0,18,0,17,4,5132,0
1,1,0,21,0,0,0,0,1
1,0,2,79,0,5649,7,2579,0
1,1,2,56,0,0,0,0,1
1,1,2,13,0,0,0,0,1
1,0,2,33,0,0,6,1173,0
1,1,2,32,0,0,0,0,1
0,0,2,31,0,198,591,0,1
1,1,0,26,0,0,0,0,1
1,1,0,18,0,0,0,0,1
1,1,0,38,0,0,173,0,1
0,0,2,23,0,348,0,4,0
0,0,2,28,0,82,0,3693,0
0,1,1,34,0,0,0,0,0
0,0,0,0,0,0,0,0,1
0,0,2,14,0,3,881,25,1
0,0,2,23,0,13,0,0,0
0,1,2,49,0,0,0,0,0
0,1,2,14,0,0,0,0,0
0,0,2,18,0,391,356,0,0
1,0,1,27,1,69,0,0,1
0,0,2,48,0,0,0,1508,0
1,0,0,31,1,0,552,8157,0
1,0,0,61,0,1,0,3835,0
0,1,2,18,0,0,0,0,1
2,1,2,45,0,0,0,0,1
2,0,2,22,0,28,36,6011,0
2,0,2,30,1,1056,0,0,0
2,0,2,30,0,1770,0,13,0
0,1,0,32,1,0,0,0,1
2,0,2,43,1,353,0,0,1
0,0,0,17,0,177,0,310,0
0,0,2,23,0,224,0,0,0
0,0,2,20,0,0,0,5,0
0,1,2,39,0,0,0,0,0
2,0,2,35,0,1134,52,0,0
2,0,2,31,0,0,1116,2,0
0,0,0,21,0,0,0,567,0
0,0,2,16,0,691,101,140,0
1,0,2,60,0,0,5952,1537,1
0,0,2,18,0,0,0,352,0
0,1,2,42,0,0,0,0,0
1,1,0,68,0,0,0,0,1
1,0,0,22,0,0,0,5467,0
1,1,2,59,0,0,0,0,1
1,0,2,28,0,8,0,13,1
2,0,2,37,0,1094,26,34,0
2,1,2,3,0,0,0,0,1
2,1,2,31,0,0,0,0,1
1,0,2,31,0,417,7185,562,1
1,0,2,29,0,0,0,715,1
1,0,0,20,0,2,0,2,1
1,1,0,46,0,0,0,0,1
0,0,2,29,0,0,0,16,1
2,1,2,43,0,0,0,0,1
2,0,2,17,0,1483,0,0,0
1,0,0,27,0,0,0,0,1
1,0,2,47,0,4,0,2962,0
2,1,2,45,0,0,0,0,1
0,1,2,17,0,0,0,0,1
0,0,0,10,0,0,0,0,1
0,0,1,56,0,46,0,622,0
0,0,2,39,0,382,22,467,0
0,0,1,40,0,7,840,26,0
1,1,2,40,0,224,0,0,1
1,0,0,34,0,224,45,1936,0
0,0,0,32,0,0,0,722,0
0,0,2,35,0,7,0,0,0
2,0,2,32,1,2484,102,0,0
0,0,2,26,1,1869,136,0,0
0,0,2,25,0,1352,0,24,0
0,0,2,26,0,0,0,77,0
1,1,0,22,0,0,0,0,1
0,0,2,22,0,9,795,0,1
0,0,2,24,0,757,0,32,0
0,1,1,32,0,0,0,0,1
0,1,2,11,0,0,0,0,1
2,1,2,22,0,0,0,0,1
1,1,2,19,0,0,0,0,1
1,1,0,34,0,0,0,0,1
1,1,2,74,0,0,0,0,1
1,0,0,28,1,5,0,745,1
1,1,2,42,0,0,0,0,1
1,1,2,43,0,0,0,0,1
0,0,2,55,0,210,188,59,0
0,0,1,19,0,0,747,26,1
0,1,2,6,0,0,0,0,0
0,0,2,7,0,0,0,0,0
1,1,0,28,0,0,0,0,1
0,0,2,15,0,2156,0,59,0
0,1,1,24,0,0,0,0,1
0,0,1,31,0,0,0,0,1
0,0,2,22,0,0,182,612,1
0,0,0,1,0,0,0,0,1
0,1,2,50,0,0,0,0,0
2,0,2,34,0,865,257,311,0
2,0,2,14,0,928,81,0,0
0,0,2,19,0,4,0,1178,0
0,0,2,28,0,0,22,146,1
0,0,2,36,0,0,863,1,0
0,1,2,34,0,0,0,0,0
2,1,0,25,0,0,0,0,1
0,1,2,36,0,0,0,0,1
1,0,2,16,0,0,2,5183,0
1,0,0,30,0,0,0,0,1
0,0,1,37,0,0,544,9,0
0,1,0,15,0,0,0,0,1
0,0,2,36,0,0,38,9,0
2,0,1,27,0,224,145,144,0
2,1,2,27,0,0,0,0,1
2,1,2,12,0,0,0,0,1
0,0,2,22,0,0,0,1619,0
0,0,2,27,0,224,23,0,0
0,1,2,13,0,0,0,0,1
0,0,2,27,0,0,0,5,0
0,0,2,28,0,0,0,0,0
1,0,0,21,0,0,0,3348,0
1,0,2,39,0,172,12,4303,0
0,1,1,28,0,0,173,0,0
0,1,2,14,0,0,0,0,1
1,1,0,27,0,0,0,0,1
1,1,0,46,0,0,0,311,1
2,1,0,27,0,0,0,0,1
2,0,2,21,0,0,0,0,0
2,0,0,21,0,513,1749,82,1
1,0,2,42,0,0,967,311,0
2,0,2,22,0,10,817,471,0
2,0,2,10,0,0,0,0,1
2,0,2,43,0,1821,47,29,0
2,0,2,42,0,1246,16,0,0
1,1,0,18,0,0,0,0,1
1,1,0,54,0,0,0,0,1
1,1,2,24,0,0,0,0,1
1,0,2,64,0,0,11,401,0
1,1,0,18,0,0,0,0,1
0,1,0,53,0,0,0,0,1
2,1,2,23,0,0,0,0,1
0,0,2,39,0,0,0,0,1
1,0,2,59,0,0,0,323,1
1,0,0,32,0,0,0,59,1
1,1,2,55,0,0,0,0,1
0,1,1,21,0,0,0,0,1
1,1,2,50,0,0,0,0,1
1,0,0,55,0,113,41,0,0
0,0,2,28,0,1445,1,2,0
0,1,2,35,0,0,0,0,1
0,1,2,28,0,0,0,0,1
0,0,2,55,0,62,0,0,0
0,0,2,23,0,39,0,0,1
0,0,2,42,0,0,750,0,0
0,0,2,35,0,553,1733,0,1
0,1,2,47,0,0,0,0,1
2,0,0,28,0,1172,3,0,0
2,1,2,34,0,0,0,0,1
1,0,2,46,0,0,0,3427,0
0,1,1,26,0,0,0,0,0
0,1,0,1,0,0,0,0,0
0,1,0,28,0,0,0,0,1
2,0,2,33,0,20,384,557,0
1,0,2,34,0,98,29,5732,0
1,0,2,49,0,3573,316,641,0
0,0,2,22,0,0,0,320,0
0,0,2,28,0,0,0,0,1
1,1,2,28,0,0,173,0,1
1,1,0,36,0,0,0,0,1
0,1,0,30,0,0,0,0,1
1,1,2,49,0,0,0,0,1
1,0,2,38,0,0,479,9,0
2,1,2,31,0,0,0,0,1
0,0,2,17,0,1471,0,45,0
0,0,2,26,0,9,0,0,0
0,0,2,23,0,59,0,681,0
0,0,0,24,0,930,838,0,0
0,0,2,23,0,0,831,16,0
0,0,2,24,0,0,704,0,1
2,0,1,32,0,666,0,252,1
2,1,2,43,0,0,0,0,1
0,0,2,23,0,13,0,762,1
0,0,2,42,0,126,266,445,0
1,1,0,29,0,0,0,0,1
1,1,2,40,0,0,0,0,1
1,0,2,37,0,0,0,764,1
1,1,0,61,0,0,0,0,1
1,0,2,33,0,0,1,2525,0
0,0,2,19,0,0,0,1,1
0,0,1,21,0,0,580,0,0
0,0,2,4,0,0,0,0,0
0,0,1,12,0,0,0,0,1
0,0,2,44,0,1440,74,32,1
0,0,2,22,0,0,332,442,0
2,0,0,33,0,840,402,21,0
1,1,0,32,0,0,0,0,1
1,1,2,28,0,0,0,0,1
1,0,2,28,0,0,2,1354,0
2,0,2,31,0,697,612,0,0
2,1,2,13,0,0,0,0,1
0,1,2,14,0,0,0,0,1
1,0,2,33,0,1908,0,1,0
1,1,0,28,0,0,0,0,1
0,0,2,23,0,0,310,0,1
1,0,2,36,1,530,1,146,1
1,1,0,22,0,0,0,0,1
1,1,2,19,0,0,0,0,0
1,1,2,42,0,0,0,0,1
1,1,2,30,0,0,0,0,1
1,1,0,16,0,0,0,0,1
1,0,2,55,0,0,0,1814,0
1,1,2,55,0,0,0,0,1
0,0,2,19,0,1911,21,854,0
0,0,2,28,0,14,25,54,0
1,1,2,18,0,0,0,0,1
0,0,2,21,0,0,625,110,0
0,0,2,65,0,0,521,105,0
0,0,2,55,0,53,37,0,1
0,0,2,50,0,224,0,0,0
0,1,2,49,0,0,0,0,1
0,0,2,22,0,0,601,183,0
2,1,2,33,0,0,0,0,1
2,1,2,3,0,0,0,0,1
2,1,2,0,0,0,0,0,1
2,1,2,33,0,0,0,0,1
2,1,2,48,0,0,0,0,1
2,1,2,5,0,0,0,0,1
2,0,2,23,0,2648,1092,0,0
1,1,2,53,0,0,0,0,1
2,0,2,18,0,5,616,0,0
0,1,1,20,0,0,0,0,0
0,0,2,23,0,234,551,0,0
0,0,2,48,0,801,0,1,0
0,1,1,19,0,0,0,0,0
2,0,2,28,0,43,182,1,0
0,0,0,9,0,0,0,0,0
0,0,2,24,0,224,0,670,0
2,0,2,46,0,21,2155,422,1
0,1,2,23,0,0,0,0,1
0,1,2,21,0,0,0,0,0
0,1,2,19,0,0,173,0,0
2,0,2,0,0,0,0,0,1
2,0,2,4,0,0,0,0,1
2,0,2,26,0,1252,46,124,0
2,1,2,9,0,0,0,0,1
1,0,2,24,0,0,826,9,1
2,1,2,24,0,0,0,0,1
2,0,2,25,0,0,0,0,0
2,1,2,21,0,0,0,0,1
0,0,2,21,0,0,12,0,0
1,0,2,37,0,27,10,881,0
1,0,0,44,0,434,19,311,0
1,0,2,43,0,4,118,1852,0
0,0,2,7,0,0,0,0,1
2,0,2,33,0,149,173,0,0
0,0,2,24,0,0,229,502,0
0,1,1,31,0,0,0,0,1
1,1,2,27,1,0,0,0,1
0,0,2,34,0,0,0,311,1
0,1,2,58,0,0,0,0,0
0,0,2,7,0,0,0,0,1
0,1,0,3,0,0,0,0,1
0,0,0,21,0,0,908,49,1
0,0,1,21,0,1,0,0,0
1,1,2,39,0,0,0,0,1
1,1,0,43,0,0,0,0,1
0,1,2,22,0,0,0,0,1
0,0,2,44,0,103,18,1197,1
0,0,2,38,0,0,0,1018,0
2,1,2,32,0,0,0,0,1
2,1,2,55,0,0,0,0,1
2,0,1,31,1,629,0,150,0
0,0,2,39,0,0,0,140,0
0,0,2,35,0,0,0,0,1
0,0,2,37,0,614,50,11,0
0,0,0,13,0,0,0,339,0
0,0,2,21,0,0,7,675,0
2,0,2,20,0,0,0,0,0
1,1,0,20,0,0,0,0,1
0,0,2,63,0,0,956,25,1
0,0,2,36,0,2,0,1958,0
1,0,0,29,0,0,0,118,1
1,0,0,36,0,0,82,1517,1
1,0,2,79,0,0,0,2210,0
1,1,0,30,0,0,0,0,1
1,1,0,30,0,0,0,0,1
2,0,2,19,0,1019,141,0,1
1,1,2,33,0,0,0,0,1
0,0,2,20,0,1724,0,1,0
1,1,0,38,0,0,0,0,1
2,1,2,7,0,0,0,0,1
2,1,2,58,0,0,0,0,1
2,0,2,33,0,105,1087,0,0
0,1,1,3,0,0,0,0,1
2,0,2,39,0,0,0,0,1
2,0,2,37,0,237,708,0,1
0,0,2,32,0,0,0,768,0
0,0,2,28,0,0,0,17,1
0,0,2,38,0,0,736,140,0
0,0,1,21,0,0,1,20,0
0,1,2,18,0,0,0,0,1
0,1,2,15,0,0,0,0,0
1,0,2,44,0,0,0,1360,0
0,0,2,44,0,86,16,49,1
1,0,2,36,0,0,0,4507,0
0,0,2,28,0,224,7104,0,1
2,0,2,15,0,1264,2,23,0
0,0,2,45,0,0,87,989,0
0,0,2,26,0,0,2,9,0
0,1,1,46,0,0,0,0,1
0,0,2,25,0,1,38,7,0
0,1,1,46,0,0,0,0,0
0,1,2,15,0,0,0,0,0
0,1,2,37,0,0,0,0,0
0,0,2,20,0,224,0,541,0
0,1,1,45,0,0,0,0,0
0,1,2,7,0,0,0,0,0
0,1,2,5,0,0,0,0,0
2,1,2,38,0,0,0,0,1
2,0,2,30,0,269,252,0,0
2,0,2,28,0,0,0,0,1
2,0,2,0,0,0,0,0,1
2,1,2,20,0,0,0,0,1
0,0,2,41,0,1,4,55,0
2,1,2,18,0,0,0,0,1
2,0,2,29,1,3887,173,12,0
2,0,2,19,0,3097,9,0,0
2,0,2,34,0,1973,97,41,0
1,1,2,36,0,0,0,0,1
2,1,2,54,0,0,0,0,1
2,0,2,19,0,164,783,0,0
2,0,2,21,0,505,1952,0,0
2,1,2,23,0,0,0,0,1
1,1,0,35,0,0,0,311,1
1,0,2,34,0,0,0,4343,0
0,0,2,22,0,0,226,74,1
0,0,0,24,0,21,689,12,1
2,1,2,18,0,0,0,0,1
2,0,0,24,0,2698,301,8,0
1,1,2,33,0,0,0,0,1
0,0,2,24,0,121,4,387,0
0,1,2,18,0,0,0,0,1
0,1,2,19,0,0,0,0,1
0,0,0,43,0,0,722,0,1
0,1,2,44,0,0,173,0,1
1,0,0,25,0,0,0,452,1
1,1,0,25,0,0,0,0,1
1,1,0,23,0,0,173,0,1
2,0,2,23,0,1695,0,31,0
2,0,2,20,0,457,170,1132,0
2,0,2,2,0,0,0,0,1
0,0,2,26,0,1577,0,30,0
0,1,1,38,0,0,0,0,1
0,0,2,1,0,0,0,0,0
0,0,2,12,0,0,173,0,1
0,1,1,2,0,0,0,0,0
0,1,1,25,0,0,0,0,0
0,1,0,1,0,0,0,0,1
0,1,0,0,0,0,0,0,1
1,0,0,54,0,0,0,0,1
0,0,2,21,0,521,4,261,0
2,0,2,19,0,0,0,0,0
0,0,1,24,0,0,0,184,0
0,1,2,20,0,0,0,0,0
0,0,2,23,0,139,1,152,1
0,0,0,29,0,0,2,786,1
0,0,2,14,0,7,0,0,1
0,0,2,19,0,0,2,0,0
0,0,0,23,0,0,88,4,0
0,0,2,62,0,712,322,0,0
0,0,2,23,0,0,484,188,0
1,0,0,65,0,0,0,38,0
2,0,2,47,0,0,0,0,1
1,0,0,67,0,76,0,2247,0
1,1,0,14,0,0,0,0,1
1,0,2,41,0,3594,0,0,0
0,1,2,14,0,0,0,0,1
0,1,2,19,0,0,0,0,0
0,0,0,22,0,15,0,41,0
1,1,2,34,0,0,0,0,1
1,0,0,65,0,19,4,3190,0
1,1,0,42,0,0,0,0,1
1,1,0,22,0,0,0,0,1
1,1,0,54,0,0,0,0,1
1,0,2,34,0,47,0,4302,0
1,1,2,27,0,0,173,0,1
2,0,0,67,0,1,5,1022,0
1,0,2,33,0,0,0,48,1
0,1,1,30,0,0,0,0,0
0,0,2,22,0,0,0,0,0
2,0,1,35,0,1248,55,12,1
2,0,2,23,0,755,121,311,0
0,0,2,49,0,0,679,15,0
1,0,0,36,0,29,0,93,0
1,1,2,31,0,0,0,311,1
1,1,0,54,0,0,0,0,1
0,1,2,0,0,0,0,0,0
0,0,2,28,0,0,0,170,0
0,0,2,54,0,0,0,0,0
0,1,1,10,0,0,0,0,0
0,0,0,0,0,0,0,0,1
0,1,1,7,0,0,0,0,1
0,1,2,25,0,0,0,0,0
1,0,0,37,0,0,325,4476,0
1,1,0,15,0,0,0,0,1
0,1,2,26,0,0,0,0,1
1,0,0,7,0,0,0,0,1
0,0,2,30,0,558,0,175,0
0,0,2,19,0,0,1399,0,1
1,0,2,30,0,0,0,1018,0
0,0,2,21,0,562,0,0,0
0,0,1,21,0,14,0,3,0
2,1,2,59,0,0,0,0,1
1,1,0,28,0,0,0,0,1
0,0,2,32,0,713,2,0,0
0,1,2,19,0,0,0,0,1
0,1,2,7,0,0,0,0,0
0,0,0,16,0,797,0,0,0
1,0,2,31,1,0,4,2177,0
1,0,2,30,0,0,870,89,0
1,1,2,26,0,0,0,0,1
0,1,1,20,0,0,173,0,1
0,1,1,24,0,0,0,0,0
0,0,1,39,0,0,0,7,0
2,0,0,19,0,0,0,0,1
2,1,0,27,0,0,0,0,1
0,0,2,34,0,0,0,874,0
1,1,0,28,0,0,0,0,1
0,0,2,29,0,0,0,0,0
2,1,1,38,0,0,0,0,1
1,0,0,28,0,0,5,1590,0
2,1,2,1,0,0,0,0,1
1,0,0,36,1,0,100,1953,1
0,0,2,31,0,183,32,0,0
0,0,2,1,0,0,0,0,1
0,0,2,31,0,159,701,0,0
2,0,2,10,0,0,0,0,1
2,0,2,28,0,1227,1,0,0
2,0,2,42,0,836,51,304,0
2,0,2,0,0,0,0,0,1
2,0,1,41,0,1209,0,0,0
2,1,2,0,0,0,0,0,1
2,0,2,0,0,0,0,0,1
2,1,2,59,0,0,0,0,1
0,0,2,13,0,2,30,311,0
1,0,0,24,0,0,0,4614,0
0,1,2,20,0,0,0,0,0
1,0,2,71,1,0,0,0,1
0,1,1,23,0,0,0,0,1
0,0,0,15,0,0,714,0,1
0,0,2,18,0,751,0,0,0
0,0,2,19,0,0,10,0,1
0,1,0,4,0,0,0,0,1
0,0,0,42,0,0,739,0,1
2,0,2,51,0,815,343,55,0
0,1,2,13,0,0,0,0,1
0,0,2,27,0,174,0,0,1
0,0,2,42,0,786,22,59,0
0,0,2,41,0,324,173,7,1
0,0,1,21,0,15,2695,2,1
0,0,2,31,0,14,0,795,1
1,1,0,36,0,0,0,0,1
0,0,2,31,0,0,0,838,0
0,0,0,14,0,77,9,424,0
2,0,1,32,1,494,71,0,0
1,0,2,32,0,0,0,0,0
0,0,2,27,0,663,0,0,0
1,0,0,57,0,2651,0,266,0
0,1,2,13,0,0,0,0,0
2,1,2,30,0,0,0,0,1
2,1,2,14,0,0,0,0,1
1,0,2,27,0,0,0,0,1
1,1,0,32,0,0,0,0,1
2,1,2,54,0,0,0,0,1
0,0,0,23,0,217,19,1,0
0,1,0,38,0,0,0,0,1
0,1,2,32,0,0,0,0,1
0,0,2,24,0,34,320,0,0
0,1,2,36,0,0,0,0,0
0,0,2,11,0,0,0,0,0
0,1,2,6,0,0,0,0,0
1,1,0,36,0,0,0,0,1
1,1,0,22,0,0,0,0,1
0,0,2,28,0,2,18,2,0
0,1,2,37,0,0,0,0,1
0,0,2,55,0,280,444,0,0
0,0,1,28,0,112,0,92,0
1,0,2,20,0,2,0,246,1
0,0,2,16,0,224,32,2529,0
0,0,2,19,0,0,540,0,0
0,0,2,38,0,0,0,0,0
0,0,2,35,0,12,46,2,0
1,1,0,33,0,0,0,0,1
2,0,1,37,1,381,3,447,0
0,0,2,46,0,784,0,0,0
1,0,2,41,0,3103,0,31,0
0,0,2,13,0,875,10,18,0
0,1,2,31,0,0,0,0,0
0,1,0,52,0,0,0,0,1
1,0,2,48,0,0,0,0,0
1,0,0,27,0,1,0,10,1
2,0,2,16,0,172,338,9,0
0,1,0,32,0,0,0,0,1
0,1,2,25,0,0,0,0,0
0,0,2,26,0,0,716,0,1
0,1,2,44,0,0,0,0,0
2,0,2,32,0,47,2552,0,1
0,0,2,18,0,200,0,413,1
0,1,0,23,0,0,0,311,0
1,0,2,44,0,0,0,148,0
2,0,1,29,0,4,421,435,0
0,0,0,19,0,0,469,311,1
1,0,0,41,0,0,7,9038,0
1,0,2,28,0,0,173,145,0
0,1,2,19,0,0,0,0,1
2,0,2,32,1,2492,173,136,0
0,0,2,74,0,853,543,31,1
1,0,2,31,0,0,0,369,1
1,0,0,38,0,0,0,5907,0
0,0,2,20,0,157,0,544,0
0,0,2,24,0,47,10,139,0
0,0,1,26,0,18,93,886,0
0,1,1,44,0,0,0,0,0
1,1,0,33,0,0,0,0,1
1,0,0,31,0,0,0,169,0
1,0,0,28,0,0,0,15,1
1,1,2,22,0,0,0,0,1
0,0,2,33,0,13,984,0,0
2,0,2,34,0,379,1626,0,0
2,1,2,11,0,0,0,0,1
2,1,2,41,0,0,0,0,1
1,0,0,30,0,0,0,507,1
1,0,2,30,0,0,234,2761,0
0,0,2,25,0,0,699,43,0
0,1,1,31,0,0,0,0,1
0,0,2,38,0,646,0,135,0
0,1,2,15,0,0,0,0,1
0,0,2,19,0,0,115,126,1
2,1,2,29,0,0,0,0,1
1,0,2,30,0,14,0,2121,1
1,0,2,29,0,0,0,1867,0
0,0,2,36,0,0,0,18,0
0,0,2,24,0,174,0,630,0
0,0,2,30,0,0,871,0,1
0,0,2,0,0,0,0,0,1
0,1,2,15,0,0,0,0,1
0,0,2,38,0,55,0,0,1
0,0,2,13,0,0,0,1175,0
2,0,2,18,0,594,555,0,0
0,0,2,16,0,891,831,0,0
0,0,0,8,0,0,0,0,0
0,0,2,19,0,72,0,342,1
0,0,0,26,0,0,0,0,0
0,1,0,15,0,0,0,0,1
0,1,1,38,0,0,0,0,1
2,0,2,45,0,877,1383,0,0
0,0,1,48,0,0,3,311,0
0,1,0,17,0,224,0,0,0
0,0,2,28,0,0,0,5,1
2,1,2,41,0,0,0,0,1
0,0,2,19,0,3,173,0,0
0,0,0,14,0,0,8,0,1
1,1,2,21,0,0,0,0,1
1,1,2,48,0,0,0,0,1
2,0,2,19,0,631,834,304,0
0,0,2,29,0,1377,0,167,0
0,0,2,20,0,792,0,0,0
2,1,2,44,0,0,0,0,1
0,1,2,19,0,0,0,0,1
0,1,2,64,0,0,0,0,0
0,0,2,21,0,0,323,1026,0
0,0,0,32,0,58,448,3,1
0,1,2,20,0,0,0,0,0
0,0,2,24,0,224,8,0,0
1,0,2,44,0,0,0,0,1
0,1,1,57,0,0,0,0,1
0,0,2,51,0,224,4,0,0
0,1,0,34,0,0,0,0,1
0,0,2,45,0,0,13,0,0
0,0,2,24,0,0,718,0,0
0,0,2,23,0,0,490,0,0
0,1,2,30,0,0,0,0,1
0,0,0,20,0,0,0,136,0
0,1,2,22,0,0,0,0,1
0,1,1,28,0,0,0,0,0
0,1,2,71,0,0,0,0,1
0,0,0,18,0,6,173,12,1
0,0,2,16,0,3,35,150,0
0,0,2,28,0,0,906,0,0
0,0,2,36,0,1,0,55,1
0,0,2,6,0,0,0,0,0
0,0,1,26,0,0,46,4,0
0,1,2,27,0,0,0,0,0
1,0,2,49,0,31,0,184,1
1,0,2,29,0,387,0,9927,0
1,0,0,46,0,1192,17,21,1
1,0,0,35,1,8030,0,0,0
1,1,0,17,0,0,0,0,1
1,0,0,37,0,4301,0,1748,0
0,0,0,24,0,252,0,449,0
0,1,2,47,0,0,0,0,0
0,0,2,26,0,621,98,11,0
1,1,0,46,0,0,0,0,1
2,0,2,27,0,253,880,22,0
1,0,2,56,0,0,0,253,1
2,0,2,18,0,885,32,0,0
0,1,2,15,0,0,0,0,0
2,0,0,3,0,0,0,0,1
2,0,2,42,0,1050,715,0,0
2,1,2,1,0,0,0,0,1
1,1,0,56,0,0,0,0,1
0,0,2,20,0,0,4,9,0
0,0,2,21,0,0,0,0,0
0,1,2,5,0,0,0,0,1
0,0,2,12,0,0,0,0,1
1,1,0,39,0,0,0,0,1
1,1,2,60,0,0,0,0,1
0,0,2,31,0,1633,49,6,0
0,1,2,58,0,0,0,0,0
0,1,2,19,0,0,0,0,1
0,1,2,29,0,0,0,0,0
2,1,2,19,0,0,0,0,1
0,0,2,44,0,0,267,554,0
0,0,2,20,0,0,122,1125,0
0,1,2,18,0,0,0,0,1
0,0,2,36,0,1,0,1,1
2,1,2,25,0,0,0,0,1
0,0,2,15,0,48,0,954,0
0,0,0,18,0,187,0,1277,0
0,1,2,0,0,0,0,0,1
0,0,0,54,0,0,0,594,0
0,0,0,0,0,0,0,0,0
0,0,2,20,0,759,106,202,0
0,1,2,21,0,224,0,0,0
2,0,2,8,0,0,0,0,1
2,0,2,46,0,1454,81,38,0
2,0,2,31,0,231,173,279,0
2,0,0,3,0,0,0,0,1
2,1,2,30,0,0,0,0,1
0,0,2,23,0,1081,0,0,0
0,0,2,14,0,756,0,8,0
0,1,1,25,0,0,0,0,0
0,1,2,61,0,0,0,0,1
0,0,2,31,0,0,0,675,0
2,0,0,13,0,4,1973,0,1
0,1,1,24,0,0,0,0,1
0,0,2,47,0,0,84,499,0
0,0,1,15,0,521,62,5,1
1,1,2,46,0,0,0,0,1
0,0,2,49,0,0,1526,960,0
1,0,2,37,0,0,0,0,0
1,0,2,44,0,0,7,815,0
0,0,2,16,0,507,0,0,0
0,1,2,58,0,0,0,0,1
0,0,2,20,0,0,612,3,1
2,1,0,36,0,0,0,0,1
2,1,2,31,0,0,0,0,1
0,0,2,21,0,2,81,74,0
0,0,0,22,0,224,21,0,0
0,0,1,27,0,182,0,0,0
0,0,2,58,0,0,828,0,1
0,1,2,38,0,0,0,0,1
2,1,0,30,0,0,0,0,1
1,1,0,20,0,0,0,0,1
0,0,2,19,0,0,27,53,0
0,0,2,57,0,224,157,21,0
0,0,2,26,0,0,48,0,0
0,0,2,38,0,0,0,295,1
1,1,2,15,0,0,0,0,1
2,1,2,28,0,0,0,0,1
2,1,2,35,0,0,0,0,1
0,1,1,38,0,0,0,0,0
0,0,2,35,0,415,0,14,0
1,1,2,14,0,0,0,0,1
1,1,2,27,0,0,0,0,1
0,1,2,25,0,0,0,0,0
0,0,2,37,0,0,0,283,0
0,0,0,25,0,79,0,0,0
0,0,0,41,0,638,133,0,0
2,0,2,50,0,202,1108,0,0
2,0,2,33,0,694,60,564,0
2,1,2,27,0,0,0,0,1
2,1,2,23,0,0,0,0,1
2,0,2,18,0,556,0,852,1
0,0,2,31,0,0,0,16,0
0,0,2,54,0,0,0,0,0
0,1,2,0,0,0,0,0,1
0,0,2,11,0,0,0,0,0
0,1,2,4,0,0,0,0,0
0,0,2,19,0,0,0,641,1
0,0,2,7,0,0,0,0,1
0,1,1,20,0,0,0,0,0
0,1,0,33,0,0,0,0,1
1,0,2,26,0,0,1,677,0
2,1,2,35,0,0,0,0,1
2,0,2,23,0,1862,18,192,1
0,0,2,60,0,437,0,0,0
1,1,2,34,0,0,0,0,1
0,0,2,28,0,233,0,0,0
2,1,2,42,0,0,0,0,1
0,0,1,22,0,0,642,0,0
2,0,2,18,0,490,298,245,0
2,0,2,5,0,224,0,0,1
2,0,2,18,0,787,106,1710,0
2,0,2,29,0,528,99,0,0
2,0,1,39,0,173,660,1,0
0,0,2,17,0,82,263,16,0
2,0,2,58,0,55,756,246,0
2,1,2,5,0,0,0,0,1
1,0,2,23,0,0,0,55,0
1,0,0,26,0,8,0,3,1
1,0,0,40,0,0,6124,58,1
0,0,2,20,0,0,0,0,1
2,0,2,38,1,936,363,0,0
2,0,2,31,0,0,0,0,0
0,1,2,34,0,0,0,0,1
0,0,2,9,0,0,0,0,1
0,0,2,36,0,0,0,0,1
0,1,2,26,0,0,0,0,1
0,0,2,18,0,855,51,0,0
0,0,1,55,0,98,0,743,1
1,0,2,28,0,0,0,135,0
1,1,0,18,0,0,0,0,1
0,0,2,28,0,2,0,787,0
2,1,2,23,0,224,0,0,0
2,0,0,20,0,224,3505,199,1
0,1,2,22,0,0,0,0,0
2,0,2,27,0,0,0,0,1
1,1,0,13,0,0,0,0,1
0,0,2,32,0,0,0,0,1
1,0,2,53,0,0,1632,3,1
1,1,2,34,0,0,0,0,1
1,1,0,42,0,0,0,0,1
0,1,2,19,0,0,0,0,1
0,0,2,54,0,0,0,0,1
0,0,2,12,0,0,0,0,1
0,0,2,35,0,482,884,0,0
0,0,2,55,0,412,3,0,0
0,0,0,26,0,620,187,0,0
1,1,2,49,0,0,0,0,1
1,1,0,22,0,0,0,0,1
1,0,0,28,0,0,2138,7368,0
1,0,2,30,0,0,0,8,0
1,0,0,39,0,0,2,118,1
1,1,2,14,0,0,0,0,1
1,1,2,29,0,0,173,0,1
1,0,0,34,0,2386,76,26,0
0,0,0,8,0,0,0,0,1
0,0,2,7,0,0,0,0,0
0,1,2,3,0,0,0,0,0
0,0,2,0,0,0,0,0,0
0,0,0,10,0,0,0,0,0
0,1,0,16,0,224,0,0,0
2,0,2,41,0,29,1095,0,0
0,1,2,18,0,0,0,0,1
1,1,2,25,0,0,0,311,1
1,1,2,32,0,0,0,0,1
1,1,0,26,0,0,0,0,1
0,0,2,26,0,131,0,0,0
0,1,2,18,0,0,0,0,1
1,0,2,27,0,0,2,3072,0
1,1,2,26,0,0,0,0,1
1,0,0,28,0,0,72,43,1
1,0,0,19,0,0,0,16139,0
1,0,2,31,0,0,0,103,1
0,0,0,35,0,0,5,0,1
1,0,0,46,0,0,0,32,0
1,0,2,37,0,636,0,205,0
1,1,2,29,0,0,0,0,1
1,1,2,17,0,0,0,0,1
1,0,0,30,0,0,926,1,0
2,1,2,28,0,0,173,0,1
0,0,2,16,0,0,12,68,0
2,0,2,40,0,2357,9,0,0
0,0,2,23,0,0,279,0,0
0,0,1,24,0,96,12,0,1
0,1,2,36,0,0,173,0,1
2,1,2,34,0,0,0,0,1
1,1,2,59,0,0,0,0,1
0,0,2,20,0,0,600,0,0
1,1,2,15,0,0,0,0,1
0,0,2,19,0,0,957,4,0
2,1,0,64,0,0,0,0,1
2,0,2,24,0,2997,3,0,1
2,0,2,23,0,60,0,0,1
2,0,2,30,0,224,0,679,0
0,0,2,0,0,0,0,0,1
0,0,2,8,0,0,0,0,0
0,1,2,1,0,0,0,0,0
0,0,2,48,0,0,654,0,1
0,0,2,12,0,0,0,0,0
0,0,2,30,0,0,180,4,0
0,0,2,10,0,0,0,0,0
0,0,2,11,0,0,0,0,0
1,0,2,58,0,204,0,3026,0
0,0,2,52,0,0,464,71,1
0,0,2,36,0,0,0,0,0
0,0,2,32,0,600,0,187,0
1,1,2,16,0,0,0,0,1
1,1,0,25,0,0,0,0,1
0,0,0,28,0,2,0,0,1
1,0,0,32,1,0,3700,337,0
2,0,2,28,0,42,0,0,1
0,0,2,16,0,0,752,0,0
1,0,0,50,1,0,0,703,0
0,0,2,20,0,71,513,354,0
0,0,2,23,0,224,6,30,0
0,1,2,45,0,0,0,0,1
0,0,2,23,0,393,0,0,0
0,1,1,53,0,0,0,0,0
0,1,2,8,0,0,0,0,0
0,1,2,6,0,0,0,0,1
0,1,2,3,0,0,0,0,0
0,0,0,13,0,1,843,78,1
0,1,2,60,0,0,0,0,0
0,0,0,1,0,0,0,311,1
0,0,2,40,0,0,195,560,0
0,0,2,51,0,0,800,0,1
0,1,0,31,0,0,0,0,1
0,1,2,28,0,0,0,0,1
0,0,2,20,0,65,0,0,1
0,0,2,14,0,0,0,2143,0
1,0,2,23,0,0,0,345,0
0,0,2,4,0,0,0,0,0
0,0,2,20,0,0,0,1608,0
0,0,2,75,0,0,0,131,0
1,1,0,24,0,0,0,0,1
0,0,2,18,0,2,60,28,1
2,1,2,21,0,0,0,0,1
2,0,2,59,0,142,907,0,1
0,0,2,27,0,0,863,33,1
0,0,2,38,0,354,0,291,0
2,1,2,41,0,0,0,0,0
1,1,2,36,0,0,0,0,1
1,0,0,29,0,0,0,4651,0
0,1,1,22,0,0,0,0,1
0,0,1,23,0,0,1250,0,1
0,0,2,32,0,27,1061,27,1
0,0,0,21,0,614,0,1,0
1,0,2,26,0,0,3301,831,1
1,1,2,61,0,0,0,0,1
0,0,1,30,0,585,122,40,1
0,0,2,40,0,889,0,0,1
1,0,0,37,0,0,0,115,1
1,0,2,41,0,0,0,1374,0
1,0,2,32,0,8168,11,371,0
0,0,2,30,0,0,0,565,0
0,0,1,27,0,0,0,0,1
0,0,2,22,0,0,0,61,0
2,0,2,54,0,704,431,0,0
2,0,2,27,0,4,896,229,0
2,1,2,52,0,0,0,311,1
2,1,2,15,0,0,0,0,1
2,0,2,27,0,1277,1,10,0
1,0,0,30,0,0,289,1737,0
0,0,2,19,0,0,619,0,0
0,1,1,22,0,0,0,0,1
1,0,0,43,0,1365,0,50,0
2,0,2,25,0,1084,66,0,0
0,0,2,51,0,0,0,51,0
0,1,1,34,0,0,0,0,1
2,0,2,21,0,2066,15,0,0
0,1,1,21,0,0,0,0,0
0,0,2,23,0,0,0,759,0
0,0,0,38,0,0,591,40,0
0,1,2,30,0,0,0,0,0
1,1,0,31,0,0,0,0,1
0,0,1,44,0,0,482,0,1
0,1,2,14,0,0,0,0,0
0,1,1,18,0,0,0,0,0
0,0,2,19,0,6,1,714,0
2,1,2,28,0,0,0,0,1
0,0,0,36,0,286,16,0,0
2,1,2,10,0,0,0,0,1
2,1,2,1,0,0,0,0,1
2,1,0,4,0,0,0,311,1
2,0,2,21,0,733,1084,1,0
0,0,2,24,0,621,0,0,0
0,0,2,8,0,0,0,0,0
0,0,2,18,0,789,2,0,0
2,0,2,33,0,1758,4,0,0
1,0,0,31,1,0,3,202,1
1,0,2,43,0,105,268,842,1
0,0,2,20,0,213,173,0,0
1,1,2,28,0,0,0,0,1
1,1,1,30,0,0,0,0,1
1,0,2,28,1,224,173,0,0
0,0,2,19,0,68,0,719,0
0,0,2,22,0,0,675,5,1
0,0,0,27,0,1,1,380,0
2,0,0,22,0,218,4817,146,1
0,1,0,2,0,0,0,0,1
0,0,2,4,0,0,0,0,0
0,0,2,10,0,0,173,0,0
0,0,2,9,0,0,0,0,1
0,1,2,37,0,0,0,0,0
0,0,1,2,0,0,0,0,1
1,0,2,44,0,0,1,1010,1
1,0,0,11,0,0,0,0,1
0,1,2,22,0,0,0,0,0
1,1,0,40,0,0,0,0,1
1,0,0,30,0,278,0,8145,0
1,0,0,37,0,0,0,3198,0
1,1,0,26,0,0,0,0,1
0,0,2,19,0,0,109,0,1
1,0,2,57,0,0,1,4948,0
2,0,2,1,0,0,0,0,1
2,0,2,17,0,948,292,0,0
2,0,2,26,0,1946,4,0,0
0,1,0,21,0,0,0,0,1
1,1,2,28,0,0,0,0,1
1,0,0,36,0,0,173,4664,0
2,0,2,25,0,2508,23,0,0
0,1,2,40,0,0,0,0,1
0,1,0,23,0,0,0,0,1
0,1,0,2,0,0,0,0,0
0,0,0,10,0,0,0,0,0
0,1,2,43,0,0,0,0,1
0,1,2,0,0,0,0,0,1
0,0,2,24,0,70,340,0,0
0,1,2,42,0,0,0,0,1
2,0,2,30,0,1450,173,0,0
2,0,2,19,0,1507,260,0,0
0,1,2,26,0,0,0,0,0
2,0,2,47,0,405,193,458,0
2,0,2,28,0,120,1128,1,1
0,1,1,24,0,0,0,0,1
0,0,2,29,0,28,561,203,0
0,0,1,32,0,0,0,229,0
0,1,2,44,0,0,0,0,0
0,1,2,17,0,0,0,0,1
0,0,0,35,0,775,0,610,0
0,1,2,23,0,0,0,0,0
0,0,2,34,0,0,5,0,0
0,0,2,25,0,1174,18,721,0
0,0,2,67,0,0,0,1,1
1,0,2,22,0,0,0,369,0
1,1,2,28,0,0,0,0,1
0,1,0,27,0,0,0,0,1
0,0,2,14,0,1489,126,460,0
0,0,1,42,0,491,8,202,0
0,1,1,19,0,0,0,0,0
0,0,2,22,0,0,0,0,0
2,0,2,31,0,43,1,660,0
2,0,2,10,0,0,0,0,1
2,0,2,39,0,1535,340,0,0
2,1,2,41,0,0,0,0,1
2,0,2,0,0,0,0,0,1
0,1,1,22,0,0,0,0,1
0,0,2,21,0,0,0,310,0
2,1,2,40,0,0,0,0,1
0,0,2,25,0,0,0,0,1
0,0,2,23,0,0,0,119,0
1,0,0,33,0,77,0,3656,0
1,1,2,20,0,0,0,0,1
0,1,0,40,0,0,0,0,1
0,1,2,27,0,0,0,0,0
0,0,2,21,0,965,23,3,0
2,0,2,25,0,591,0,0,0
0,0,2,2,0,0,0,0,0
0,0,2,19,0,0,946,0,0
0,1,2,41,0,0,0,0,0
1,0,2,43,0,0,537,42,1
0,0,2,19,0,245,550,311,0
0,0,2,22,0,926,0,0,1
0,0,2,16,0,0,0,769,0
1,0,0,42,0,0,0,2735,0
0,1,1,20,0,0,0,0,1
0,0,2,35,0,0,429,0,0
1,1,2,53,0,0,0,0,1
0,0,2,17,0,21,690,260,0
0,1,2,6,0,0,0,0,0
0,0,2,22,0,0,0,0,1
0,0,2,41,0,338,377,2,1
0,0,2,19,0,189,0,0,1
0,0,2,39,0,705,0,0,0
0,1,2,23,0,0,0,0,1
2,0,2,31,0,1088,280,0,0
0,1,0,38,0,0,0,0,1
0,1,1,1,0,0,173,0,1
2,1,2,13,0,0,0,0,1
2,0,2,21,0,1072,46,16,0
2,0,2,44,0,485,210,0,0
2,0,2,36,0,42,212,151,0
2,0,2,19,0,2058,224,298,0
0,0,2,7,0,0,0,0,1
0,0,2,39,0,386,0,489,0
0,0,2,28,0,0,334,0,1
0,0,2,28,0,0,529,560,0
0,1,0,14,0,0,0,0,1
0,0,2,18,0,0,599,59,0
0,1,1,23,0,0,0,0,1
0,1,0,33,0,0,173,0,1
0,0,2,18,0,1656,0,311,0
1,0,2,47,0,1,28,78,0
1,0,2,42,0,0,0,4170,0
2,0,2,17,0,36,1013,0,0
0,0,2,21,0,737,27,8,0
0,0,1,17,0,8,3,401,1
0,0,1,26,0,4,0,0,0
0,0,2,23,0,0,896,0,0
0,0,0,15,0,0,173,0,0
0,1,1,18,0,0,0,0,0
0,0,2,65,0,259,0,0,0
1,0,0,33,0,13,2011,17,1
0,1,2,27,0,0,0,0,0
1,0,2,41,0,0,0,1520,0
2,0,2,42,0,1381,1243,0,0
2,1,2,28,0,0,0,0,0
2,0,2,37,0,328,173,26,0
2,0,0,17,0,891,243,0,0
1,1,2,24,0,0,0,0,1
1,1,2,39,0,0,0,0,1
1,1,0,59,0,0,0,0,1
1,1,2,32,0,0,0,0,1
1,0,0,29,0,2988,0,0,0
1,0,2,8,0,0,0,0,1
1,0,0,28,0,0,0,692,1
1,1,2,35,0,0,0,0,1
0,0,2,24,0,711,0,59,0
0,1,2,1,0,0,0,0,1
0,1,2,4,0,0,0,0,1
1,1,0,28,0,0,0,0,1
2,1,2,46,0,0,173,0,1
2,0,2,67,0,443,1721,250,0
0,0,2,44,0,0,128,460,0
0,0,2,14,0,360,2116,1,0
0,0,2,23,0,0,4,0,1
0,1,2,51,0,0,0,0,0
0,0,2,20,0,0,331,133,0
0,0,2,0,0,0,0,0,1
0,1,2,0,0,0,0,0,0
0,0,2,23,0,0,26,0,0
0,0,2,24,0,181,0,195,0
2,0,2,41,0,112,228,760,0
2,0,2,30,0,806,9,311,0
0,0,2,27,0,0,39,11,0
0,1,1,13,0,0,0,0,1
0,1,2,16,0,0,0,0,1
1,0,2,30,0,50,0,1,1
0,0,1,8,0,0,0,0,1
0,0,2,59,0,0,0,0,0
1,1,0,43,0,0,0,0,1
1,0,0,30,0,0,0,5467,0
1,0,0,46,0,202,0,3208,0
1,1,2,39,0,0,0,0,1
1,0,2,21,0,5,10,26,0
1,1,2,70,0,0,0,0,1
1,0,0,34,0,0,0,51,0
1,0,2,33,0,0,0,6255,0
1,1,0,44,0,0,0,0,1
0,0,0,16,0,0,32,5,0
0,0,2,63,0,3,0,0,1
1,0,2,37,0,0,15,4060,0
1,1,0,29,0,0,0,0,1
1,0,2,29,0,0,0,16,1
1,1,0,22,0,0,0,0,1
1,0,2,26,0,0,2119,10,1
1,0,0,76,0,0,422,16594,0
0,0,2,61,0,0,3,4422,0
0,0,2,46,0,0,2020,323,0
0,0,2,19,0,224,387,0,1
0,1,1,13,0,0,0,0,1
0,1,2,28,0,0,0,0,0
0,1,2,30,0,0,0,0,1
0,0,1,23,0,200,73,1,0
0,0,1,63,0,356,0,0,0
0,0,2,21,0,894,0,61,0
2,1,2,32,0,0,0,311,1
0,0,2,33,0,0,0,417,0
0,0,1,39,0,224,733,0,0
2,1,2,49,0,0,0,0,1
2,0,2,27,0,555,744,0,0
0,0,2,16,0,92,884,0,0
2,1,2,38,0,0,0,0,1
2,1,2,42,0,0,0,0,1
0,0,2,19,0,73,0,813,0
1,0,0,26,0,0,0,3998,0
0,0,0,32,0,0,0,817,1
0,0,2,56,0,0,0,2,0
0,0,2,0,0,0,0,0,1
0,0,2,38,0,35,0,0,0
0,0,2,30,0,0,173,0,0
0,0,2,21,0,5,0,2,0
0,0,2,11,0,0,0,0,0
0,0,2,3,0,0,0,0,0
0,0,0,17,0,0,913,0,1
0,0,0,35,0,0,0,0,1
0,0,0,17,0,319,0,0,0
0,1,2,0,0,0,0,0,1
0,1,2,46,0,0,0,0,1
0,0,2,63,0,0,0,594,0
2,0,2,35,0,1890,497,1,0
2,0,2,61,0,1114,68,0,0
0,0,2,19,0,0,615,9,1
0,0,2,43,0,0,1217,2,1
0,0,2,14,0,1,683,419,0
0,0,2,78,0,0,0,441,0
0,0,2,21,0,398,0,311,0
2,0,2,32,0,1240,58,0,0
2,0,2,31,0,1226,1,0,0
1,0,2,40,0,1006,0,284,1
1,1,2,13,0,0,0,0,1
1,0,2,36,0,0,0,1966,0
1,0,0,31,0,65,0,6431,0
0,0,2,18,0,765,13,0,0
0,1,2,40,0,0,0,0,1
2,1,2,28,0,0,0,0,1
1,1,0,41,0,0,0,0,1
1,1,2,35,0,0,0,0,1
0,1,2,14,0,0,0,0,1
2,0,2,20,0,539,38,0,1
0,0,0,23,0,4,2,254,0
1,1,0,22,0,0,0,0,1
1,0,2,25,0,0,0,0,1
2,0,0,18,0,3992,1360,2,1
1,0,1,25,1,0,0,45,1
1,0,2,30,0,0,0,0,1
0,0,2,46,0,0,533,277,0
1,0,2,27,0,0,0,1,0
0,0,2,53,0,1015,0,0,0
2,1,2,21,0,0,0,0,1
1,0,0,32,0,54,0,21,1
1,0,2,32,0,1,0,1440,0
1,0,2,33,1,0,22,0,1
1,0,2,26,0,0,0,3718,0
0,0,2,47,0,12,0,720,1
2,0,2,13,0,7172,157,20,0
1,1,0,34,0,0,0,0,1
0,0,2,21,0,9,0,0,0
2,0,2,20,0,206,629,67,1
0,0,2,21,0,163,661,32,0
1,1,0,51,0,0,0,0,1
1,1,2,18,0,0,0,0,1
1,0,2,26,0,1,0,42,0
1,0,0,53,1,5022,0,0,0
1,0,2,30,0,0,43,0,1
0,1,2,37,0,0,0,0,0
1,0,2,45,0,0,0,2987,0
0,0,2,62,0,877,0,0,0
0,0,2,38,0,0,45,0,0
0,0,0,24,0,1030,0,0,0
0,0,2,18,0,341,332,102,0
2,1,2,23,0,0,0,0,0
0,0,1,16,0,0,0,0,0
1,1,2,37,0,0,0,0,1
0,0,2,22,0,1018,0,9,0
0,1,1,18,0,0,173,0,1
2,1,2,25,0,0,0,0,1
0,0,2,26,0,758,11,0,0
0,0,2,25,0,4,146,723,0
2,0,2,55,0,938,82,0,0
2,0,2,28,0,641,372,0,0
0,0,2,23,0,0,173,0,1
0,0,2,22,0,0,0,176,0
0,0,0,26,0,333,0,1,1
0,0,2,13,0,0,8,0,0
0,0,2,18,0,428,36,0,0
2,1,2,38,0,0,0,0,1
2,1,2,28,0,0,0,0,1
0,0,2,57,0,433,0,371,0
0,1,2,0,0,224,0,0,0
0,1,2,18,0,0,0,0,1
1,1,2,25,0,0,0,0,1
1,0,0,35,0,0,0,724,1
1,0,2,37,0,0,2,12,1
1,0,0,33,0,0,1,33,0
1,0,2,35,0,305,0,320,1
1,0,0,47,0,16,1487,0,1
0,0,2,23,0,5,0,732,0
0,0,2,28,0,0,0,2,1
1,0,0,27,0,0,0,311,1
1,1,2,23,0,0,0,0,1
0,1,2,31,0,0,0,0,1
1,1,2,19,0,0,173,0,1
1,1,0,53,0,0,0,0,1
0,0,2,37,0,22,0,747,0
0,0,2,18,0,0,0,2681,0
0,0,2,42,0,0,0,0,0
0,1,2,7,0,0,0,0,1
0,0,0,7,0,0,0,0,1
0,0,2,24,0,2,0,616,0
1,0,2,20,0,13,0,1435,1
0,0,2,24,0,1158,798,2,0
0,0,2,42,0,0,0,0,1
1,0,2,49,0,0,0,2,1
1,1,2,47,0,0,0,0,1
0,0,0,16,0,825,0,0,0
2,0,2,26,1,432,965,35,0
0,0,2,24,0,0,6,685,0
0,1,2,38,0,0,173,0,1
0,0,2,0,0,0,0,0,1
2,0,1,37,0,295,19,515,0
0,1,2,39,0,0,0,0,1
0,0,0,25,0,553,1,239,1
0,0,1,25,0,172,41,0,0
2,1,2,35,0,0,0,0,1
0,1,1,0,0,0,0,311,1
0,0,0,46,0,612,62,0,1
0,0,2,4,0,0,0,0,1
1,1,0,19,0,0,0,0,1
1,0,2,29,0,0,0,2113,0
0,0,2,19,0,224,0,0,0
1,1,2,47,0,0,0,0,1
0,1,1,1,0,0,0,0,1
0,1,2,4,0,0,0,0,0
0,0,2,37,0,0,11,732,0
0,0,2,61,0,1215,0,0,0
1,1,2,32,0,0,0,0,1
0,1,2,4,0,0,0,0,1
0,1,2,16,0,0,0,0,1
0,1,0,25,0,0,0,0,0
0,0,2,22,0,1300,173,0,0
0,0,2,41,0,139,6,71,0
0,1,2,25,0,0,0,0,1
0,0,2,19,0,414,66,307,0
0,0,2,21,0,305,1,618,1
0,0,0,14,0,0,0,0,0
0,1,0,18,0,0,0,0,0
0,0,2,34,0,0,885,0,1
0,0,2,33,0,954,10,3,0
0,1,0,14,0,0,0,0,0
0,1,0,28,0,0,0,0,1
0,1,1,43,0,0,0,311,0
0,0,0,3,0,0,0,0,1
0,1,1,0,0,0,0,0,1
1,0,2,47,0,4,830,774,0
0,0,2,28,0,3202,0,0,0
0,0,2,40,0,0,0,0,1
0,0,2,17,0,1,37,0,0
0,0,2,21,0,0,218,109,0
2,0,2,28,0,1150,6,4,1
0,0,2,41,0,0,3,0,0
0,0,2,20,0,0,0,905,0
1,0,2,56,0,0,0,0,0
1,0,2,57,0,0,0,2136,0
1,1,2,48,0,0,0,0,1
1,0,2,37,0,0,0,1306,0
0,0,1,20,0,127,0,542,0
0,1,1,36,0,0,0,0,1
1,0,2,38,0,158,2820,311,1
0,0,2,22,0,2,6,101,0
2,0,2,31,0,2436,147,16,0
2,1,2,0,0,0,0,0,1
2,0,0,21,0,1481,881,0,0
0,0,2,49,0,0,213,2,0
0,1,2,44,0,0,0,0,0
1,0,0,28,0,0,0,6704,0
0,0,2,29,0,7,0,797,0
0,0,0,16,0,876,5,1,0
0,1,1,20,0,0,0,0,0
0,1,2,26,0,0,0,0,0
0,0,2,19,0,5,0,0,0
0,0,2,34,0,1,0,793,0
2,1,2,38,0,0,0,0,1
0,0,0,51,0,0,91,0,0
0,0,0,7,0,0,0,0,0
0,1,2,3,0,0,0,0,1
2,0,2,26,1,714,208,0,0
0,0,2,27,0,233,0,0,0
0,1,2,7,0,224,0,0,0
0,1,2,19,0,224,0,0,1
0,0,2,28,0,0,88,5,0
2,0,2,27,0,3482,1155,0,0
0,1,1,31,0,0,0,0,1
0,0,2,26,0,324,201,2,0
1,0,2,43,0,0,17,15331,0
0,0,2,23,0,0,0,773,0
0,1,1,14,0,0,0,0,1
0,0,0,47,0,0,0,0,1
1,1,2,17,0,0,0,0,1
1,0,2,64,0,0,0,6200,0
2,0,2,13,0,1112,687,0,0
2,0,0,18,0,86,516,0,1
2,0,2,29,1,0,0,0,0
0,0,1,70,0,0,1,2,0
2,0,2,23,0,31,1247,0,0
2,0,2,23,0,2210,89,0,1
2,0,2,35,0,1313,24,0,0
2,0,2,17,0,1744,136,8,0
2,1,2,26,0,0,0,0,1
2,0,2,15,0,1554,646,20,0
2,0,2,19,0,285,1246,102,0
0,1,1,20,0,0,0,0,1
0,0,2,51,0,437,908,825,0
2,0,2,17,0,139,959,21,0
2,0,2,27,0,103,49,2421,0
0,0,2,43,0,84,2,0,0
0,0,2,5,0,0,0,0,0
0,1,2,17,0,0,0,0,0
0,0,2,40,0,813,473,236,1
0,0,2,38,0,4,0,0,0
0,1,2,20,0,0,0,0,1
0,1,2,13,0,0,173,0,0
0,0,2,15,0,320,5,0,0
0,0,2,15,0,852,0,135,0
1,0,0,59,0,8,0,73,1
0,0,2,24,0,0,0,0,0
2,1,2,28,0,0,0,0,1
2,0,0,52,0,1279,1061,359,0
0,0,2,38,0,553,0,87,0
0,0,2,26,0,21,499,568,1
0,0,0,17,0,68,0,0,1
0,1,1,17,0,0,0,0,1
0,0,0,20,0,1,0,0,1
0,0,2,15,0,1336,0,0,0
0,1,2,30,0,0,0,0,1
0,1,1,22,0,0,0,0,0
0,0,2,18,0,0,19,467,0
0,1,0,22,0,0,0,0,1
0,1,1,20,0,0,0,0,1
0,0,2,22,0,762,10,0,0
2,0,1,34,1,49,387,0,0
1,0,2,28,0,0,0,221,0
2,1,2,50,0,0,0,0,1
0,0,0,19,0,0,496,13,1
0,0,2,21,0,0,0,2,0
0,0,2,0,0,0,0,0,0
0,0,2,4,0,0,0,0,1
0,1,1,59,0,0,0,0,0
0,0,0,15,0,1006,0,0,1
0,1,2,24,0,0,0,0,1
0,1,2,26,0,0,0,0,0
0,0,2,67,0,26,0,39,0
0,0,2,55,0,587,0,318,0
0,0,2,50,0,742,10,26,0
0,0,0,23,0,145,17,49,0
0,0,1,21,0,2400,0,20,1
0,0,2,15,0,104,0,174,0
1,0,2,41,0,0,0,59,1
2,1,2,59,0,0,0,0,1
2,0,2,18,0,0,0,0,0
0,0,0,21,0,112,0,0,0
1,1,0,14,0,0,0,0,1
1,0,2,50,0,3677,0,6,1
1,0,2,32,0,2973,124,57,1
1,1,2,46,0,0,0,0,1
0,0,2,28,0,0,0,732,0
2,1,2,58,0,0,0,0,1
1,1,0,15,0,0,0,0,1
0,0,2,35,0,0,436,311,1
2,0,2,30,0,1220,49,39,0
2,1,2,30,0,0,0,0,1
0,0,2,43,0,0,870,0,1
0,0,2,21,0,0,809,0,0
0,1,1,15,0,0,0,0,0
0,0,0,37,0,164,0,0,1
1,0,0,28,0,0,0,0,1
0,1,2,28,0,0,0,0,0
0,0,2,40,0,596,135,73,0
0,0,0,42,0,28,0,0,0
0,1,1,21,0,0,0,311,0
2,1,0,31,0,0,0,311,0
0,0,2,51,0,28,0,34,0
2,0,2,73,0,27,71,1208,0
1,1,2,26,0,0,0,0,1
1,1,0,33,0,0,0,0,1
0,0,2,39,0,1,33,376,0
0,0,2,19,0,5,0,84,0
0,0,0,12,0,0,0,0,1
0,1,0,10,0,0,0,0,0
0,1,2,0,0,0,0,0,0
0,0,2,0,0,0,0,0,1
0,1,2,1,0,0,0,0,1
0,0,2,33,0,0,2,787,0
0,0,0,23,0,0,0,553,0
2,1,2,5,0,0,0,0,1
0,1,2,24,0,0,0,0,1
2,0,2,26,0,0,0,0,0
1,0,0,30,0,0,4,140,0
0,0,2,33,0,0,8,2,0
2,0,2,56,0,4694,2661,51,0
0,1,1,25,0,0,0,0,1
0,0,2,28,0,928,0,0,0
0,0,2,25,0,9,73,12,1
0,0,0,18,0,0,454,0,0
1,0,2,60,1,1891,0,360,1
1,0,2,41,0,0,1,6,1
0,0,1,16,0,112,38,77,0
0,1,2,17,0,0,0,0,1
0,0,2,26,0,224,361,0,0
0,0,2,31,0,2,0,0,1
0,0,2,67,0,143,496,182,1
0,0,0,16,0,224,569,2,0
0,0,0,24,0,0,1,56,0
0,0,2,19,0,0,3,624,1
1,0,0,48,0,0,80,123,1
1,0,2,30,0,1,0,2,1
1,0,2,22,0,0,21,2204,1
1,0,2,28,1,0,3,207,1
1,1,0,23,0,0,0,0,1
1,0,2,29,0,0,0,0,0
0,1,2,22,0,0,0,0,0
1,0,0,48,0,140,0,4102,0
2,0,2,26,0,17,1582,0,1
0,0,2,23,0,1639,0,1,1
0,0,2,55,0,1104,0,0,0
1,0,2,46,0,2249,137,311,0
0,0,1,38,0,0,0,0,0
0,1,2,2,0,0,0,0,1
0,1,2,3,0,0,0,0,1
0,0,2,20,0,0,0,788,0
0,0,2,65,0,5,173,0,0
0,0,2,28,0,181,2,0,0
0,0,2,25,0,113,0,1282,0
0,0,1,54,0,0,257,0,0
0,0,0,25,0,0,1,735,0
0,1,2,14,0,0,0,0,1
1,0,0,53,0,0,0,0,1
0,1,2,0,0,0,0,0,1
0,0,2,39,0,0,864,0,0
0,0,2,22,0,8,0,27,1
2,0,0,31,0,120,657,52,0
2,1,2,24,0,0,0,0,1
1,0,2,35,1,0,0,0,0
1,0,0,35,0,95,0,391,0
2,1,2,32,0,0,0,0,1
2,0,2,61,0,953,974,0,0
0,0,0,58,0,14,1081,0,1
2,0,2,26,0,1752,0,4,0
0,1,2,4,0,0,0,0,0
0,0,2,1,0,0,0,0,0
0,0,2,8,0,0,0,0,1
0,0,2,7,0,0,0,0,0
0,0,2,25,0,0,0,646,0
0,0,2,6,0,0,0,0,0
0,0,2,29,0,0,0,0,0
2,1,2,64,0,0,0,0,1
1,0,2,31,0,0,0,172,1
2,1,2,25,0,0,0,0,0
0,1,2,30,0,0,0,0,1
0,1,2,0,0,0,0,0,0
0,0,1,29,0,0,0,486,0
0,0,2,37,0,28,26,806,0
0,0,2,49,0,0,0,724,0
1,0,2,36,0,0,1789,19,0
0,0,0,20,0,470,0,0,0
0,0,2,20,0,2215,0,86,1
1,0,0,18,0,0,72,0,1
1,1,0,17,0,0,0,0,1
2,1,2,48,0,0,0,0,0
0,0,2,26,0,0,176,611,0
0,0,2,35,0,0,718,46,0
0,0,2,30,0,116,0,728,1
0,0,2,22,0,0,22,0,0
0,1,2,5,0,0,0,0,0
0,1,0,43,0,0,0,0,0
2,1,2,52,0,0,0,0,0
1,0,2,50,0,5,0,309,1
1,0,2,29,0,4,0,363,1
1,0,0,19,0,0,158,5037,0
1,0,0,39,0,0,1,78,1
1,0,2,38,0,0,0,1806,1
0,1,0,21,0,224,0,0,0
0,0,1,25,0,11,397,0,0
1,1,0,42,0,0,0,0,1
1,1,0,36,0,0,0,0,1
0,0,2,19,0,42,345,1431,0
0,1,2,42,0,0,0,0,0
0,0,0,40,0,1465,0,0,0
0,1,2,14,0,0,0,0,0
1,0,2,50,0,224,0,126,0
2,0,2,18,0,1218,34,1095,0
0,0,2,46,0,8,0,5,0
0,0,2,28,0,0,0,37,0
1,1,2,15,0,0,0,0,1
1,0,0,22,0,1744,0,12,0
1,1,2,0,0,0,0,0,0
1,1,2,52,0,0,0,0,1
1,0,2,38,0,34,0,1339,1
2,0,2,46,0,731,288,0,0
0,1,0,23,0,0,0,0,0
1,0,2,63,0,0,18,4,1
1,1,0,24,0,0,0,0,1
0,1,2,50,0,0,0,0,0
0,1,2,20,0,0,0,0,0
2,0,2,55,0,2424,1,0,0
0,0,1,21,0,0,107,166,1
1,1,0,56,0,0,0,0,1
0,0,2,45,0,10,0,311,1
0,1,0,18,0,0,0,0,0
0,0,2,47,0,7,17,0,0
0,0,2,36,0,0,1508,110,1
2,0,2,57,1,975,295,39,0
2,0,2,13,0,3037,43,0,0
2,0,2,27,0,120,1476,3,0
0,0,2,20,0,717,0,0,0
0,0,2,47,0,0,328,56,0
0,0,2,15,0,0,787,0,0
0,0,2,34,0,0,53,731,0
0,0,2,21,0,942,0,0,0
0,0,2,51,0,0,0,101,0
0,0,2,23,0,382,398,8,0
0,0,2,58,0,0,0,0,0
2,0,2,37,0,2765,1134,0,0
2,0,1,44,0,708,5,0,1
0,1,2,25,0,0,0,0,0
1,1,2,15,0,0,0,0,1
1,0,2,40,0,0,0,1,0
1,0,0,29,0,0,4899,393,1
0,1,2,36,0,0,0,0,1
0,0,1,21,0,0,677,4,1
0,0,2,35,0,302,0,6,1
0,0,2,24,0,3,94,824,0
0,0,0,2,0,0,0,0,0
0,1,2,0,0,224,0,0,1
0,0,2,43,0,0,0,1200,0
1,0,2,63,0,224,1,375,0
0,1,2,30,0,0,0,0,1
0,1,1,38,0,0,0,0,1
1,0,0,27,0,224,0,2448,1
0,0,1,54,0,3,56,633,0
1,1,0,39,0,0,0,0,1
2,0,2,41,0,3702,1,0,0
0,0,2,22,0,0,0,10,0
1,0,0,23,0,0,173,1,1
1,0,2,34,0,15,0,311,1
1,1,0,26,1,0,0,0,1
1,0,2,39,0,1,0,3175,0
1,1,0,15,0,0,0,0,1
1,1,2,64,0,0,0,0,1
1,1,2,25,0,0,0,0,1
2,1,2,35,0,0,0,0,1
0,1,2,19,0,0,0,0,1
0,0,2,26,0,401,693,62,0
0,1,2,3,0,0,0,0,1
0,0,2,29,0,1434,0,0,0
0,1,2,44,0,0,0,0,1
0,0,2,27,0,196,0,0,0
0,0,1,17,0,414,139,28,0
1,0,0,37,0,0,0,91,1
2,1,0,19,0,0,0,0,1
0,1,2,44,0,0,0,0,0
0,0,0,22,0,0,30,499,0
0,0,2,22,0,213,352,12,1
2,1,2,21,0,224,0,0,1
0,0,2,31,0,1062,802,71,0
0,0,2,17,0,0,249,537,1
0,0,1,30,0,231,0,274,0
0,0,2,15,0,12,197,631,0
0,0,2,42,0,37,0,0,1
0,0,2,55,0,373,1,496,0
1,0,0,28,0,5,13,0,1
0,0,2,33,0,673,548,59,0
0,0,2,19,0,3,20,60,0
0,0,2,24,0,224,0,0,0
0,0,2,4,0,0,0,0,0
0,1,2,2,0,0,0,0,0
1,0,0,30,0,0,0,5,1
1,0,2,31,0,0,0,0,0
1,1,2,17,0,0,0,0,1
1,1,0,40,0,0,0,0,1
0,1,1,33,0,0,0,0,1
0,1,1,46,0,0,0,0,0
1,0,0,30,1,1250,0,3725,0
0,0,2,17,0,0,0,0,0
0,0,2,19,0,1139,0,0,1
1,0,0,22,0,0,0,1080,1
1,0,0,20,0,0,0,148,0
0,0,1,36,0,0,0,86,0
0,0,2,0,0,0,0,0,1
0,0,0,17,0,44,10,51,1
0,1,2,28,0,0,0,0,1
0,1,1,15,0,0,0,0,1
0,0,2,20,0,0,429,0,0
0,0,0,19,0,30,1051,0,1
0,0,1,24,0,662,0,0,0
0,0,0,43,0,0,730,1,0
2,1,2,26,0,0,0,0,1
0,0,2,42,0,399,38,771,0
0,0,2,21,0,6,503,0,0
1,1,2,50,0,0,0,0,1
1,1,2,25,0,0,0,0,1
0,1,2,64,0,224,0,0,1
0,0,2,50,0,0,0,785,0
2,1,2,24,0,224,0,0,1
0,0,2,27,0,0,634,1,1
0,1,0,42,0,0,0,0,1
0,1,0,30,0,0,0,0,0
0,0,2,20,0,2,694,0,1
2,0,2,31,0,162,4,0,1
1,0,0,26,0,281,13,0,0
1,0,0,39,0,0,0,1528,0
0,0,2,28,0,0,0,0,0
0,0,1,32,0,0,0,0,1
0,1,2,25,0,0,0,0,1
0,0,2,6,0,0,0,0,1
0,1,2,3,0,0,0,0,1
0,1,2,11,0,0,0,0,0
0,1,2,52,0,0,0,0,0
0,0,2,14,0,16,0,712,0
0,0,2,68,0,0,0,1739,0
0,1,1,18,0,0,0,0,1
0,0,2,55,0,2,0,0,1
0,0,0,22,0,1430,0,0,0
1,0,2,34,0,0,0,56,1
2,0,2,17,0,583,753,0,0
0,1,1,38,0,0,0,0,0
0,0,2,13,0,12,0,0,0
0,1,2,19,0,0,0,0,1
1,1,2,30,0,0,0,0,1
1,0,2,27,1,0,72,668,0
0,0,2,17,0,224,533,326,1
1,0,0,45,0,0,0,3615,0
1,0,0,28,0,167,71,283,1
0,0,2,23,0,177,7,0,0
1,0,2,24,0,1289,0,4996,0
1,0,2,23,0,9,0,0,1
0,0,0,29,0,270,0,25,0
0,0,2,46,0,430,340,52,0
0,0,1,17,0,8,0,0,1
0,0,2,20,0,0,4,35,0
0,0,2,24,0,121,0,68,0
1,0,2,40,0,19,1,4759,0
1,1,2,28,0,0,0,0,1
1,0,2,38,0,0,2640,6202,0
1,0,2,65,0,51,0,20,1
1,0,2,19,0,0,0,152,1
0,0,2,54,0,0,872,0,1
0,0,0,38,0,0,0,0,0
0,0,2,40,0,51,1,368,1
0,0,1,21,0,224,133,0,0
0,0,2,22,0,8,801,0,1
0,0,2,33,0,356,0,245,0
2,0,2,18,0,29,2315,0,1
2,0,2,43,0,546,41,710,0
2,0,2,13,0,6726,1605,1266,0
2,0,2,26,0,1751,0,0,0
2,0,2,22,0,2300,22,256,0
2,1,2,21,0,0,0,0,1
0,0,1,25,0,0,0,13,0
2,0,2,29,0,216,611,594,0
2,0,2,49,0,1624,68,311,0
1,1,0,29,0,0,0,0,1
2,0,2,45,0,10,1474,0,1
0,0,1,45,0,0,734,3,1
1,0,2,30,0,63,249,2624,0
0,0,2,29,0,776,4,0,0
0,0,2,26,0,0,0,0,0
0,1,0,16,0,0,0,0,0
0,0,0,20,0,1,0,4926,0
0,0,2,33,0,235,1,650,0
0,1,2,18,0,0,0,0,0
2,0,2,24,0,600,1404,0,0
2,0,2,29,0,860,18,1415,0
1,1,0,40,0,0,0,0,1
1,1,2,27,0,0,0,0,1
0,1,2,35,0,0,0,0,0
1,0,2,31,0,0,0,13036,0
0,1,1,26,0,0,0,0,0
2,0,2,49,0,0,1058,0,1
0,1,2,23,0,0,0,0,0
0,1,1,23,0,0,0,0,0
0,1,1,14,0,0,0,0,1
0,0,0,21,0,770,0,40,0
0,0,2,18,0,0,0,80,0
0,0,2,28,0,717,0,0,0
0,0,2,19,0,721,7,0,1
0,0,2,22,0,624,0,0,0
0,0,2,17,0,736,2,20,0
0,0,1,13,0,0,480,10,0
0,0,2,26,0,0,0,91,0
2,0,2,28,0,1054,43,85,0
2,1,2,16,0,0,0,0,1
2,0,2,20,0,1146,0,0,0
0,0,2,20,0,75,0,1545,0
0,0,2,23,0,426,362,0,0
0,0,2,61,0,2,17,868,0
2,1,2,27,0,0,0,0,1
2,0,0,3,0,0,0,0,1
2,0,0,4,0,0,0,0,1
0,1,0,13,0,0,0,0,1
2,1,2,19,0,0,0,0,1
0,0,2,18,0,0,698,0,1
0,0,0,66,0,0,1610,0,1
2,1,2,39,0,0,0,0,1
0,0,2,21,0,0,0,1234,0
0,1,2,7,0,0,0,0,0
0,1,2,56,0,0,0,0,0
0,0,2,15,0,0,128,0,0
2,0,2,28,0,1146,47,0,1
0,0,2,13,0,579,61,1,0
1,1,2,18,0,0,0,0,1
0,1,1,38,0,0,0,0,0
0,0,2,45,0,2138,0,659,0
0,1,2,21,0,0,0,0,0
0,0,2,19,0,78,0,550,0
0,0,2,49,0,651,0,849,0
0,0,2,21,0,0,0,45,1
0,0,2,18,0,0,2027,0,1
2,1,2,43,0,0,0,0,1
2,1,1,27,0,0,0,0,1
2,0,2,0,0,0,0,0,1
0,0,2,27,0,0,6,745,0
1,1,2,21,0,0,0,0,1
0,0,1,20,0,38,495,0,0
2,1,2,35,0,0,0,0,1
2,0,2,20,0,212,991,0,0
0,0,2,24,0,388,7,409,0
0,0,2,41,0,2,551,5577,0
0,0,1,23,0,0,0,0,1
0,1,1,27,0,0,0,0,1
0,1,0,58,0,0,0,0,1
2,1,2,53,0,0,0,311,1
1,0,2,30,0,437,0,4488,0
0,0,0,24,0,1,0,318,0
1,0,2,31,0,46,0,995,0
2,0,1,46,0,607,41,334,0
2,0,2,20,0,938,31,12,0
0,1,2,20,0,0,0,0,0
0,0,2,30,0,0,0,1149,0
0,0,0,24,0,0,0,207,0
0,0,2,34,0,0,0,628,0
0,0,2,20,0,1750,446,0,0
2,1,2,48,0,0,0,0,1
0,0,1,25,0,0,619,0,0
0,1,2,43,0,0,0,0,0
0,0,2,27,0,0,119,646,1
1,0,2,47,0,224,0,4027,0
1,0,0,26,0,26,0,102,1
1,1,2,37,0,0,0,0,1
1,0,0,42,0,0,0,2677,0
0,0,0,61,0,0,902,0,1
2,0,2,29,0,1443,47,0,0
1,0,0,32,0,0,13,1051,1
2,0,2,51,0,1671,17,0,0
2,0,2,43,0,2019,560,0,0
1,1,0,25,0,0,0,0,1
0,0,2,31,0,0,187,602,0
0,0,1,13,0,0,857,0,0
0,0,2,20,0,546,228,0,0
0,0,2,29,0,1356,0,13,0
0,1,2,16,0,0,0,0,0
0,0,2,15,0,0,0,380,1
0,0,2,50,0,0,0,2170,0
1,0,0,41,1,0,0,1257,1
1,0,2,43,0,2,33,6,1
1,1,2,32,0,0,0,0,1
1,0,2,36,0,0,0,698,0
0,1,0,18,0,0,0,0,1
0,0,2,47,0,0,880,0,1
0,1,1,29,0,0,0,0,1
0,0,2,28,0,0,0,252,0
0,0,2,14,0,0,0,204,1
0,1,1,25,0,0,0,0,0
2,0,2,63,0,1172,1,311,0
0,0,2,22,0,48,182,26,0
2,0,2,32,0,2,26,510,0
0,0,0,31,0,0,671,1,0
0,0,2,24,0,0,0,140,0
0,0,2,39,0,9,0,2,0
2,1,0,20,0,0,0,0,1
2,1,0,20,0,0,0,0,1
2,0,2,19,0,0,0,0,0
2,0,0,20,0,552,1348,5,0
2,0,2,31,0,21,1031,0,0
2,1,0,17,0,0,0,0,1
2,0,2,24,0,2538,61,0,0
0,0,2,27,0,203,0,0,0
1,0,0,28,0,0,741,3733,1
1,1,2,41,0,0,0,0,1
1,1,0,25,0,0,0,0,1
0,0,1,26,0,93,469,0,1
0,0,2,27,0,485,921,0,0
0,0,2,22,0,38,80,47,1
1,0,0,62,0,320,756,4996,0
1,0,2,58,0,2,14,2,0
0,0,2,37,0,0,0,311,0
0,0,2,54,0,701,171,8,0
0,0,2,26,0,0,0,702,0
1,1,0,44,0,0,0,0,1
1,1,2,34,0,0,0,0,1
0,1,2,47,0,0,0,0,1
1,0,2,27,1,0,173,80,1
1,1,0,22,0,0,0,0,1
0,1,2,46,0,224,0,0,1
0,0,2,29,0,0,885,0,1
0,0,0,43,0,485,136,48,0
0,0,2,42,0,0,32,772,0
0,0,2,39,0,0,13,0,1
2,0,2,30,0,616,185,210,0
2,0,2,43,0,2318,647,81,1
0,1,2,19,0,0,0,0,0
2,1,2,26,0,0,0,0,1
2,0,2,46,0,171,1257,5,1
0,0,2,3,0,0,0,0,1
0,1,0,21,0,0,0,0,1
0,0,2,1,0,0,0,0,1
0,0,2,22,0,0,0,10,0
1,1,0,27,0,0,0,0,1
1,1,0,28,0,0,0,0,1
2,0,1,36,0,241,670,0,0
0,0,2,19,0,26,470,0,0
1,1,0,18,0,0,173,0,1
1,0,0,47,0,0,173,85,0
1,0,2,18,0,20,0,0,0
0,0,2,6,0,0,0,0,1
0,0,2,20,0,0,1,0,0
2,0,2,18,0,262,1127,4225,0
0,0,2,37,0,0,0,219,0
0,0,2,22,0,12,802,58,0
2,0,2,37,0,20,2559,20,1
0,0,0,6,0,0,0,311,0
0,0,2,36,0,3,435,8,0
0,0,0,46,0,426,0,0,0
0,0,2,75,0,0,1224,311,0
0,0,2,37,0,0,70,360,0
0,1,2,22,0,0,173,0,1
0,0,1,33,0,270,1,311,0
2,0,2,35,0,174,381,0,0
1,0,0,19,0,0,0,0,0
1,0,0,34,0,0,173,3028,0
0,0,2,23,0,1010,33,10,1
0,0,0,37,0,1508,0,1,0
0,0,0,24,0,1367,1,0,0
1,0,2,54,1,0,0,4463,0
2,0,0,52,0,1377,32,22,1
0,1,2,60,0,0,0,0,0
1,0,2,1,0,0,0,0,1
1,0,2,28,0,0,0,0,1
1,0,2,22,0,0,3,676,0
1,0,0,27,0,0,0,75,1
1,1,0,48,0,0,0,0,1
1,0,0,47,0,1320,4,24,0
1,1,2,25,0,0,0,0,1
1,0,0,49,0,9,95,1249,0
1,0,2,33,0,0,1,9124,0
1,0,2,67,0,0,0,599,1
0,1,1,5,0,0,0,0,0
1,1,0,60,0,0,0,0,1
1,1,2,56,0,0,0,0,1
1,0,2,59,0,0,0,4085,0
1,1,2,44,0,0,0,0,1
0,0,2,33,0,0,1,66,0
0,1,2,28,0,0,173,0,0
2,0,2,29,0,1365,791,210,0
0,1,2,13,0,0,0,0,0
1,1,0,34,0,0,0,0,1
0,1,1,45,0,0,0,0,1
0,0,2,39,0,0,0,454,0
0,0,2,18,0,128,626,0,0
0,1,1,57,0,0,0,0,0
0,0,0,28,0,0,0,21,0
0,1,1,25,0,0,0,0,1
0,1,1,22,0,0,0,0,0
1,0,2,32,0,0,388,892,1
2,1,2,29,0,0,0,0,1
0,0,2,21,0,556,20,1589,0
2,0,2,16,0,0,0,0,0
1,1,0,45,0,0,0,0,1
1,0,2,44,1,1409,17,1452,0
0,1,0,27,0,0,0,0,1
0,0,2,26,0,14,0,857,0
2,0,2,46,0,1290,57,0,0
0,0,1,24,0,0,648,0,0
0,0,2,15,0,0,0,0,1
0,1,1,53,0,0,0,0,0
0,0,0,28,0,613,0,0,0
0,1,2,11,0,0,0,0,1
0,1,2,7,0,0,0,0,0
0,1,1,0,0,0,0,0,1
0,1,0,15,0,0,0,0,1
0,0,0,31,0,1,2,605,0
0,0,2,9,0,224,0,0,0
1,0,0,44,1,0,78,1418,0
0,0,2,35,0,0,0,0,0
0,0,2,30,0,27,86,311,1
0,0,0,13,0,880,0,0,0
2,0,2,45,1,773,0,6,0
2,1,2,4,0,0,0,0,1
2,1,2,21,0,0,0,0,1
0,0,2,20,0,0,994,215,0
0,1,2,24,0,0,0,0,1
0,1,1,3,0,0,0,0,0
0,0,2,29,0,0,792,0,1
1,0,2,28,0,2416,41,1,1
0,0,2,44,0,0,6,864,1
1,1,2,50,0,0,173,0,1
2,1,2,35,0,0,0,0,0
0,0,2,19,0,0,1,644,0
2,0,2,22,0,579,267,0,0
0,0,2,30,0,3,880,0,0
1,0,2,36,0,0,0,7818,0
2,0,2,20,0,464,1432,0,1
0,0,0,22,0,0,659,94,1
0,0,0,22,0,0,0,0,0
1,1,1,32,0,0,0,0,1
0,0,2,35,0,194,678,0,0
0,0,0,41,0,0,0,1324,0
0,1,2,57,0,0,0,0,0
0,1,1,3,0,0,0,0,0
0,0,0,11,0,0,0,0,1
0,0,2,4,0,0,0,0,1
0,1,2,17,0,0,0,311,0
0,0,2,30,0,0,0,0,0
0,1,2,11,0,0,0,0,1
2,0,2,23,0,1773,78,0,0
0,0,2,58,0,224,0,690,1
0,0,2,22,0,0,0,676,0
0,0,2,24,0,0,173,59,0
0,0,2,20,0,768,0,1,0
0,1,2,37,0,0,0,0,1
0,0,2,49,0,712,0,0,0
0,0,2,46,0,0,0,287,0
0,0,2,30,0,854,30,0,0
0,0,0,36,0,0,0,0,0
0,0,2,21,0,0,44,0,0
2,0,2,25,1,854,319,0,0
0,1,1,42,0,0,0,0,1
0,1,2,13,0,0,173,0,0
0,0,2,25,0,7,0,877,0
1,0,2,29,0,0,7,2650,0
1,1,2,17,0,0,0,0,1
1,0,0,36,0,828,130,47,1
0,1,2,44,0,0,0,0,1
2,1,2,18,0,0,0,0,1
0,0,0,22,0,292,0,0,0
0,1,2,22,0,0,0,0,1
0,1,2,43,0,0,173,0,1
0,0,2,29,0,19,17,311,1
0,1,2,24,0,0,0,0,1
0,1,1,18,0,0,0,0,1
1,0,2,42,0,0,2,3133,0
0,0,2,43,0,9,1079,0,0
0,0,2,32,0,11,0,836,0
0,1,2,15,0,0,0,0,1
2,0,2,22,0,0,0,0,1
0,1,2,20,0,0,0,0,0
0,0,2,34,0,34,1559,0,1
2,1,2,70,0,0,0,0,1
2,1,2,18,0,0,0,0,1
1,1,2,26,0,0,0,0,1
0,0,2,17,0,112,332,0,0
0,0,2,13,0,0,0,566,0
0,0,2,19,0,0,79,311,0
1,1,2,32,0,0,0,311,1
0,0,2,33,0,4,28,0,0
0,0,2,21,0,759,0,311,0
2,1,2,23,0,0,0,0,1
0,0,2,24,0,227,13,0,1
0,0,0,17,0,0,493,0,0
2,1,2,34,0,0,0,0,1
0,0,2,31,0,1458,76,0,0
0,0,0,43,0,6,3,448,0
0,0,2,43,0,602,27,89,0
0,0,2,33,0,0,661,0,1
2,1,2,28,0,0,0,0,1
2,1,2,27,0,0,0,0,0
2,1,2,7,0,0,0,0,1
0,1,1,16,0,0,0,0,0
0,0,0,42,0,526,28,161,0
2,1,2,27,0,0,0,0,1
0,0,2,19,0,0,0,157,0
2,0,2,42,0,554,1168,0,0
0,1,1,13,0,0,0,0,0
0,1,2,16,0,0,0,0,1
0,0,2,21,0,31,578,0,1
0,1,1,28,0,0,0,0,1
0,1,2,69,0,0,0,0,0
0,1,1,15,0,0,0,0,0
0,0,2,48,0,58,12,311,0
0,0,2,42,0,224,61,897,0
2,0,2,42,0,999,49,0,0
0,0,2,23,0,139,0,567,0
0,0,2,26,0,0,0,543,0
0,0,2,45,0,0,450,94,0
0,0,2,30,0,756,30,0,0
2,1,2,36,0,0,173,0,1
1,0,2,28,0,0,0,3573,0
0,0,2,35,0,0,1,0,0
1,1,2,21,0,0,0,0,1
1,1,0,50,0,0,0,0,1
0,1,2,52,0,0,0,0,0
0,1,1,21,0,0,0,0,0
0,0,0,41,0,682,0,0,0
0,0,0,35,0,2594,0,0,0
0,0,2,26,0,552,30,0,0
0,0,2,17,0,584,54,0,0
2,0,2,69,0,4483,525,0,0
1,1,2,27,0,0,0,0,1
0,0,1,25,0,2,552,0,0
2,1,2,27,0,0,0,0,1
0,0,2,25,0,64,0,660,0
0,0,0,36,0,0,0,33,0
0,0,2,14,0,148,34,808,0
1,1,0,27,0,0,0,0,1
0,0,2,22,0,272,0,1064,0
0,0,2,24,0,873,1,0,0
2,0,2,28,0,311,745,232,0
2,0,2,4,0,0,0,0,1
0,0,2,19,0,0,291,481,0
0,0,2,19,0,0,4,541,0
0,0,0,38,0,0,46,11001,0
1,1,0,39,0,0,0,0,1
1,0,0,23,0,36,0,381,0
1,1,0,57,0,0,0,0,1
1,1,2,18,0,0,0,0,1
0,0,2,43,0,0,1145,0,0
2,0,2,28,0,34,1342,91,1
1,0,0,33,0,0,0,2788,0
1,1,0,37,0,0,0,0,1
0,0,2,28,0,0,0,656,0
1,0,0,28,1,2,0,435,0
1,1,0,18,0,0,0,0,1
0,0,0,29,0,75,0,211,0
1,1,2,29,0,0,0,0,1
1,1,0,28,0,0,0,0,1
0,0,2,24,0,172,344,0,1
1,0,2,59,0,0,0,285,0
2,1,2,43,0,0,0,0,0
2,1,2,20,0,0,0,0,1
1,1,0,23,0,0,173,0,1
1,1,0,27,0,0,0,311,1
1,1,0,38,0,0,0,0,1
0,1,1,38,0,0,0,0,1
2,0,2,48,0,639,110,0,1
2,0,2,25,0,1734,189,1,0
0,1,1,25,0,0,0,0,1
2,0,2,24,0,737,1682,0,0
2,1,2,69,0,0,0,0,1
1,0,0,20,0,0,0,311,0
1,1,0,18,0,0,0,0,1
0,1,2,28,0,0,0,0,0
0,0,1,23,0,0,292,35,1
2,0,2,24,0,345,451,0,0
1,0,2,44,0,0,127,1555,0
2,0,2,29,0,834,28,117,0
1,0,0,6,0,0,0,0,1
1,0,2,42,0,41,0,1899,0
0,1,0,78,0,0,0,0,0
0,0,2,36,0,548,24,0,0
1,0,0,37,0,0,0,1402,0
1,0,0,41,0,0,2,2835,1
0,0,2,18,0,852,0,7,0
2,0,2,62,0,1663,23,2,0
2,0,2,0,0,0,0,0,1
2,0,2,55,0,1281,7,1,0
0,1,2,16,0,0,0,0,1
0,0,2,32,0,238,3,2,0
0,0,2,19,0,0,4,0,1
0,0,0,7,0,0,0,0,1
0,0,0,4,0,0,0,0,1
1,1,2,30,0,0,0,0,1
1,1,0,24,0,0,0,0,1
1,1,2,34,0,0,0,0,1
1,1,2,30,0,0,0,0,1
2,0,2,3,0,0,0,0,1
2,0,2,32,0,0,0,0,1
2,0,2,55,0,403,922,0,1
2,1,2,0,0,0,0,0,1
1,0,2,51,0,0,0,2549,0
0,1,1,0,0,0,0,0,1
0,0,2,21,0,882,0,311,0
0,0,2,2,0,0,0,0,0
0,0,2,19,0,194,0,549,0
2,1,2,24,0,0,0,0,1
2,0,2,20,0,2502,96,0,0
1,0,2,42,0,2,0,89,1
2,1,2,17,0,0,0,0,1
2,0,2,32,0,598,138,0,0
0,0,2,28,0,145,557,0,1
1,1,0,21,0,0,0,0,1
1,1,0,56,1,0,0,0,1
1,1,0,28,0,0,0,0,1
0,0,2,42,0,10,12,0,0
0,0,2,18,0,1153,0,1409,0
0,0,2,24,0,19,0,26,0
0,0,2,20,0,496,16,0,0
0,0,2,22,0,26,0,0,0
0,0,2,22,0,98,46,641,0
0,0,1,21,0,0,173,0,0
0,0,2,28,0,4,743,0,1
1,1,2,26,0,0,0,0,1
1,1,0,50,0,0,0,0,1
1,0,2,26,0,0,0,3508,0
1,0,2,30,1,0,0,673,0
1,1,2,29,0,0,0,0,1
0,0,2,8,0,0,0,0,0
0,0,2,45,0,406,285,0,0
0,1,1,35,0,0,0,0,1
0,0,1,18,0,9,0,201,0
0,0,2,23,0,0,0,568,0
2,0,2,29,1,803,0,58,0
2,0,2,18,0,1102,2628,0,0
0,0,2,28,0,804,13,0,0
1,1,2,34,0,0,0,0,1
2,0,0,0,0,0,0,0,1
2,0,2,4,0,0,0,0,1
2,0,2,28,0,938,0,53,0
2,0,2,8,0,0,0,0,1
2,0,2,20,0,59,1646,1657,0
2,1,2,20,0,0,0,0,1
2,1,2,25,0,0,0,0,1
0,0,0,31,0,995,1213,0,0
2,0,2,37,0,27,1131,0,0
0,1,2,21,0,0,0,0,0
2,1,2,24,0,0,0,0,1
2,1,2,34,0,0,0,0,0
2,0,0,0,0,0,0,0,1
2,1,2,25,0,0,0,0,0
2,1,0,43,0,0,0,0,1
0,0,2,28,0,900,0,0,0
0,0,2,45,0,10,801,73,0
1,1,2,63,0,0,0,0,1
1,1,2,17,0,0,0,0,1
1,0,0,35,0,0,2,445,1
1,0,2,12,0,0,0,0,1
0,1,1,28,0,0,0,0,1
0,0,2,17,0,0,0,0,0
0,0,1,32,0,59,469,0,0
0,1,2,23,0,0,0,0,1
0,0,0,17,0,2000,0,0,0
0,0,0,34,0,492,13,55,0
0,0,2,15,0,0,875,3,0
0,1,2,14,0,0,0,0,1
0,0,2,22,0,0,271,0,0
0,0,2,19,0,232,479,0,0
0,0,1,40,0,0,5,454,0
1,1,0,25,0,0,0,0,1
1,0,0,51,0,0,0,2085,0
0,0,2,22,0,91,0,17,0
2,1,0,50,0,0,0,0,1
0,0,0,26,0,0,0,0,0
2,1,2,39,0,0,0,0,1
2,0,2,18,0,1867,29,72,1
0,0,2,22,0,224,137,671,0
0,0,2,26,0,0,0,759,0
0,0,2,19,0,0,0,0,0
0,1,1,16,0,0,0,0,0
0,0,2,24,0,0,17,0,0
0,0,1,34,0,122,6,739,0
1,0,2,55,0,0,1558,3,1
1,0,2,42,0,3,0,10860,0
1,1,2,14,0,0,0,0,1
1,0,0,28,0,0,0,839,1
1,1,0,26,0,0,0,0,1
1,0,0,33,0,0,1795,712,0
0,0,2,24,0,0,0,636,0
0,0,2,23,0,490,0,6,0
2,0,2,16,0,46,1994,0,0
0,1,2,36,0,0,0,0,0
1,1,0,44,0,0,0,0,1
0,0,2,22,0,0,670,0,1
0,1,2,30,0,0,0,0,0
0,0,2,20,0,0,1,686,0
0,0,2,21,0,366,795,132,0
2,0,2,14,0,224,0,0,1
0,0,2,27,0,0,173,2,0
0,0,2,19,0,1,0,750,0
0,1,2,21,0,0,0,0,1
2,0,0,28,0,1722,937,0,0
0,0,0,13,0,0,0,4,1
2,1,1,71,0,0,0,0,1
2,1,2,28,0,0,0,0,0
2,0,0,18,0,1874,260,0,0
0,0,0,23,0,29,1,2838,0
0,0,0,34,0,0,0,87,0
0,0,2,20,0,4,0,15,0
0,0,0,17,0,0,0,56,0
0,0,1,21,0,970,213,8,0
1,0,2,33,0,0,3813,0,1
1,0,0,34,0,3551,1865,90,1
1,0,2,51,0,0,0,1367,0
0,0,2,21,0,0,0,10,1
0,1,2,28,0,0,0,0,0
0,0,2,31,0,880,0,8,0
1,0,2,36,0,2,0,4,1
1,0,2,39,0,0,0,13208,0
0,0,2,26,0,886,0,0,0
0,0,2,51,0,0,0,43,1
0,0,2,24,0,13,0,0,0
0,0,0,27,0,339,116,160,1
0,0,2,31,0,0,1,559,0
0,0,2,24,0,0,21,0,0
1,0,2,57,0,0,0,72,0
1,0,0,36,1,11,0,210,0
1,0,2,55,0,0,0,263,0
1,1,0,28,0,0,0,0,0
2,0,2,18,0,947,4,4,0
2,0,2,27,0,1893,4,0,0
1,0,2,50,0,0,0,153,0
0,0,2,24,0,45,1,0,0
0,1,1,20,0,0,0,0,1
0,1,2,24,0,0,0,0,1
0,0,2,18,0,0,0,0,0
0,0,2,44,0,1178,348,0,0
1,1,0,27,0,0,0,0,1
1,0,2,58,0,1113,0,194,1
1,1,1,29,0,0,0,0,1
0,0,1,23,0,3,37,0,1
2,1,2,3,0,0,0,0,1
2,0,2,0,0,0,0,0,1
2,0,2,33,0,361,381,1622,0
2,0,2,12,0,0,0,0,1
1,1,2,44,0,0,0,0,1
0,1,2,20,0,0,0,0,1
0,0,0,59,0,269,0,0,0
0,0,2,18,0,130,13,191,0
1,1,2,72,0,0,0,0,1
0,0,1,23,0,171,1,30,0
0,0,2,11,0,0,0,0,0
0,1,2,1,0,0,0,0,1
0,0,1,25,0,21,55,0,0
2,1,0,25,0,0,0,0,1
1,1,2,24,0,0,0,0,1
1,0,2,54,0,0,0,0,1
2,1,0,17,0,0,0,0,1
2,0,2,48,0,1200,38,48,0
0,0,2,40,0,0,362,272,0
0,1,2,2,0,0,0,0,0
0,0,2,32,0,0,11,784,0
0,1,2,15,0,0,0,0,1
0,1,2,52,0,0,0,0,1
0,0,2,16,0,0,0,1674,0
0,1,2,16,0,0,0,0,1
0,1,0,16,0,0,0,0,1
0,0,0,6,0,0,0,0,0
2,0,2,10,0,0,0,0,1
2,0,2,27,1,1709,24,0,0
1,0,0,45,0,0,0,281,1
1,0,2,26,0,2381,0,0,0
2,0,2,29,0,1049,0,0,0
0,1,1,38,0,0,0,311,1
0,0,2,19,0,1,0,254,1
2,0,2,43,0,471,133,2,0
0,0,2,15,0,746,2,0,0
2,0,2,31,0,1511,310,0,0
2,0,2,52,0,758,356,5,0
2,0,2,49,0,0,0,0,1
0,0,0,29,0,143,0,0,1
0,0,2,18,0,600,0,179,1
2,1,2,41,0,0,0,0,1
0,0,2,9,0,0,0,0,0
0,1,1,28,0,0,0,0,0
0,0,2,58,0,0,0,758,1
0,0,1,39,0,0,0,0,0
0,0,2,13,0,911,0,74,0
1,1,0,36,0,0,0,0,1
2,0,0,23,0,253,0,888,0
0,1,1,24,0,224,0,0,1
0,0,2,33,0,0,170,14,0
0,0,2,18,0,0,0,0,0
0,1,2,2,0,0,0,0,0
0,1,2,0,0,0,0,0,1
0,0,2,36,0,625,260,0,0
0,0,0,15,0,254,10,180,0
0,0,2,31,0,91,0,0,1
0,0,2,42,0,0,213,166,1
2,0,2,27,0,1502,0,0,0
0,0,2,36,0,123,173,7,1
0,0,2,0,0,0,0,0,0
0,1,2,3,0,0,0,0,0
0,0,1,22,0,0,192,0,0
0,0,2,56,0,0,0,96,0
0,0,2,23,0,0,0,757,0
2,0,2,25,0,314,648,92,0
0,0,2,29,0,3,3,0,0
0,0,2,17,0,0,31,0,0
0,0,2,13,0,412,0,0,0
2,0,2,35,0,2301,414,311,1
2,1,0,53,0,224,0,0,1
0,0,2,24,0,14,0,0,0
0,1,2,38,0,0,0,0,0
1,1,0,21,0,0,0,0,1
1,0,0,29,0,2,0,2864,0
0,0,2,46,0,0,1661,52,1
1,1,2,58,0,224,0,0,1
0,0,1,53,0,0,0,195,1
0,0,0,21,0,13,1098,64,0
0,1,1,27,0,0,0,0,0
0,1,2,31,0,0,0,0,0
1,1,0,23,0,0,0,0,1
1,0,0,41,0,0,4333,1313,0
1,0,2,29,0,3,0,674,0
1,0,0,54,0,0,0,4689,0
1,0,0,43,0,0,660,10,1
0,1,1,36,0,0,0,0,1
0,0,2,48,0,784,0,0,1
1,0,2,34,0,10,15,3,1
1,0,2,42,0,0,0,2622,0
0,0,0,17,0,0,0,863,0
0,0,2,22,0,0,0,0,0
1,0,2,37,0,6,173,54,0
1,1,0,38,0,0,0,0,1
0,0,2,21,0,3,0,881,0
0,1,1,23,0,0,0,0,1
1,0,2,27,0,1,0,13104,0
0,0,2,23,0,18,0,0,1
0,0,2,19,0,0,366,268,0
2,0,2,28,0,948,64,170,0
0,0,2,33,0,0,154,22,0
0,1,1,24,0,0,0,0,0
0,1,2,0,0,0,0,0,1
0,1,2,41,0,0,0,0,1
0,1,2,19,0,0,0,0,0
0,0,2,44,0,0,0,0,0
2,0,0,43,0,803,384,120,1
0,1,2,14,0,0,0,0,1
0,1,1,18,0,0,0,0,1
0,0,2,25,0,237,910,0,0
2,0,2,0,0,0,0,0,1
2,1,0,4,0,0,0,0,1
2,0,2,24,0,165,981,2,1
0,0,2,38,0,77,0,0,0
0,1,2,44,0,0,0,0,1
0,1,0,57,0,0,0,0,1
0,1,0,3,0,0,173,0,1
0,0,2,5,0,0,0,0,0
0,1,0,3,0,0,0,0,1
0,1,2,18,0,0,0,0,1
0,1,2,8,0,0,0,0,0
2,1,2,21,0,0,0,0,1
1,1,0,35,0,0,0,0,1
2,0,2,47,0,0,0,0,1
1,0,0,28,0,1581,0,18,0
1,0,2,49,0,20,174,3538,0
1,0,2,23,0,0,0,495,1
1,0,2,19,0,0,0,2085,0
0,0,2,34,0,0,23,0,0
1,0,2,40,1,0,0,2205,1
1,0,0,26,1,0,173,548,0
0,0,1,23,0,0,173,3,0
2,0,2,22,0,0,0,0,0
1,0,2,51,0,1,0,146,1
0,0,0,44,0,672,0,0,0
2,0,2,50,0,357,657,0,0
0,1,2,28,0,0,0,0,1
0,1,2,13,0,0,0,0,1
0,0,2,21,0,33,0,461,0
0,0,2,20,0,56,111,0,1
0,0,0,14,0,0,14,692,0
1,0,0,38,0,0,0,311,0
0,0,1,29,0,631,0,40,0
1,1,2,36,0,0,0,0,1
1,1,2,16,0,0,0,0,1
1,1,2,40,0,0,0,0,1
1,1,0,28,0,0,0,0,1
0,0,1,18,0,154,77,1053,1
0,0,2,17,0,5,0,0,1
2,1,2,32,0,0,0,0,1
0,0,2,27,0,0,49,0,0
2,0,2,34,0,2904,7,0,0
2,0,2,53,0,520,442,0,1
1,1,2,36,1,0,0,0,1
2,0,2,41,0,71,1617,31,0
2,0,2,51,0,819,92,38,0
0,1,1,61,0,0,0,0,1
0,0,2,59,0,0,1,920,1
1,1,2,17,0,0,0,311,1
1,1,2,27,0,0,0,0,1
0,0,1,57,0,0,0,30,1
2,0,0,39,0,2127,23,0,0
1,1,0,55,0,0,0,0,1
0,0,2,42,0,173,0,0,0
0,0,2,36,0,418,7,338,0
2,0,2,42,0,44,3648,0,1
0,1,1,32,0,0,0,0,0
0,0,0,6,0,0,0,0,0
0,1,2,15,0,0,0,0,0
0,0,2,28,0,0,1282,0,1
2,0,2,37,0,912,0,311,0
0,0,2,44,0,0,744,62,0
2,0,2,71,1,901,1698,0,0
1,0,2,44,0,0,0,3,0
1,1,2,36,0,0,0,0,1
0,0,2,18,0,4,0,0,0
0,0,1,3,0,0,0,0,1
0,1,0,12,0,0,0,0,0
0,1,0,0,0,0,0,0,1
0,0,2,29,0,0,0,0,0
0,0,2,9,0,0,0,0,0
0,0,0,27,0,688,779,0,0
0,0,1,24,0,0,443,244,0
0,0,2,38,0,1,288,0,1
2,0,2,28,0,523,0,970,0
2,1,2,26,0,0,0,0,1
0,0,2,16,0,0,0,300,0
0,0,1,24,0,224,25,311,1
0,0,2,33,0,123,0,0,0
0,0,0,24,0,489,173,0,0
0,0,2,29,0,1,133,104,0
0,0,2,25,0,0,2005,0,1
0,0,2,0,0,0,0,0,0
0,0,2,13,0,649,0,124,0
0,1,0,7,0,0,0,0,0
0,0,1,32,0,0,736,0,0
2,1,2,34,0,0,0,0,0
2,0,2,49,0,21,1509,0,0
2,0,2,43,0,13,315,0,1
2,0,2,0,0,0,0,0,1
2,1,2,6,0,224,0,0,1
0,0,2,23,0,0,569,0,1
2,0,2,43,0,336,796,15,1
2,1,0,23,0,0,0,0,1
2,0,2,43,0,828,545,107,0
2,1,0,41,0,0,0,0,1
1,0,0,54,1,0,2,19,0
1,1,2,51,0,0,173,0,1
1,1,2,44,0,0,0,0,1
0,1,1,48,0,0,0,0,1
0,0,2,45,0,224,0,857,0
0,0,1,20,0,0,0,0,0
1,0,2,33,0,0,0,6841,0
0,0,2,21,0,15,11,2,0
1,1,2,68,0,0,0,0,1
0,0,1,23,0,5,363,7,1
0,0,2,16,0,24,13,717,0
0,0,2,35,0,198,97,30,0
0,1,2,22,0,0,0,0,0
0,0,2,51,0,214,16,569,0
0,0,1,2,0,224,0,0,0
0,1,0,29,0,0,0,0,0
0,0,2,0,0,0,0,0,1
0,1,0,39,0,0,0,0,1
1,0,2,55,0,0,77,577,1
0,1,2,22,0,0,0,311,0
0,0,2,20,0,310,374,0,0
0,0,0,25,0,0,0,2,1
0,0,0,18,0,235,101,0,1
0,0,1,28,0,3,0,0,0
0,0,2,26,0,1822,4,107,0
0,0,1,28,0,1,933,614,0
0,0,2,54,0,224,0,0,0
0,0,2,56,0,0,0,724,0
2,0,2,25,0,1228,132,0,0
1,0,2,26,0,2050,0,270,0
0,0,2,14,0,0,709,258,0
0,0,2,21,0,2,323,0,1
0,1,2,43,0,0,0,0,1
0,0,2,37,0,221,32,38,0
0,0,2,28,0,740,6,311,0
1,0,2,38,0,0,0,26,1
0,0,2,14,0,0,1441,0,1
0,0,1,20,0,0,585,0,0
1,0,2,33,0,0,0,0,0
1,1,0,33,0,0,0,0,1
0,0,2,13,0,0,31,0,1
1,0,2,37,0,0,0,4114,0
2,0,2,15,0,5711,2516,0,0
1,0,0,33,0,396,7,308,0
0,1,1,24,0,0,0,0,1
0,0,1,49,0,0,0,160,0
0,0,2,24,0,1252,173,123,0
0,0,2,24,0,173,14,0,0
1,1,0,26,0,0,0,0,1
1,1,0,40,0,0,0,0,1
0,0,0,31,0,0,2,4,0
1,0,2,47,0,0,0,124,1
0,0,2,19,0,736,0,0,0
1,0,0,38,1,0,0,425,0
1,0,0,33,0,0,2280,311,1
1,1,2,45,0,0,0,0,1
0,1,2,1,0,0,0,0,1
0,0,2,32,0,0,0,744,0
2,1,2,70,0,0,0,0,1
0,0,1,19,0,23,0,0,0
2,1,1,55,0,0,0,0,1
1,0,2,48,0,0,0,7627,0
0,0,2,66,0,1187,173,6,0
0,0,2,13,0,224,0,207,0
1,0,0,40,0,82,0,347,0
0,0,2,35,0,0,0,112,1
0,0,2,32,0,0,2,639,0
2,0,2,51,0,1644,234,157,0
1,0,2,37,0,0,0,5391,0
0,0,2,31,0,517,301,60,0
0,0,2,37,0,608,6,0,0
1,0,2,38,0,0,270,2,0
1,0,0,19,0,0,0,3154,0
2,1,2,33,0,0,0,0,1
0,0,2,19,0,0,1752,187,1
0,0,2,31,0,2,0,128,1
0,0,2,43,0,45,0,607,0
0,1,2,22,0,0,0,0,0
0,1,2,24,0,0,0,0,0
1,0,0,21,0,0,82,360,0
1,0,2,14,0,0,0,0,1
1,0,0,30,0,728,0,48,1
1,1,2,22,0,0,0,0,1
0,0,2,11,0,0,0,0,0
0,1,2,4,0,0,0,0,0
0,0,2,0,0,0,0,0,0
0,0,2,30,0,479,25,643,0
0,0,1,21,0,0,1181,0,0
1,0,2,40,0,0,0,0,0
0,0,1,57,0,506,1,178,0
2,0,2,35,0,1228,0,0,0
1,0,2,32,0,0,0,0,0
2,0,2,32,0,2616,2,5,0
0,0,2,30,0,0,301,0,0
0,0,2,69,0,577,0,0,0
0,1,2,21,0,0,0,0,0
2,1,1,17,0,0,0,0,1
2,0,2,16,0,995,6,48,0
2,1,2,25,0,0,0,311,0
1,0,2,25,0,1586,947,1,1
1,0,0,52,0,0,0,10976,0
0,0,2,13,0,578,0,306,0
0,0,2,37,0,1086,0,41,0
2,0,2,13,0,760,2,311,0
2,0,2,45,0,3309,10,0,0
2,0,2,55,0,0,0,0,0
0,0,2,22,0,664,0,65,0
0,0,2,39,0,0,0,1745,0
2,0,2,35,0,741,31,0,0
0,1,1,19,0,0,0,0,1
0,1,2,7,0,0,0,0,1
0,0,2,19,0,1,0,450,0
0,1,2,21,0,0,0,0,1
1,0,0,37,0,0,1650,356,1
0,0,2,35,0,1609,0,0,0
0,1,2,22,0,0,0,0,1
0,0,2,62,0,379,0,7,0
0,1,2,41,0,0,0,0,1
1,1,2,16,0,224,0,0,1
1,0,2,26,0,0,8,21,0
2,1,2,36,0,0,0,0,1
0,1,1,28,0,0,0,0,1
0,0,0,22,0,35,36,581,0
0,0,2,40,0,0,0,822,0
1,0,0,50,0,0,0,1784,1
1,1,2,57,0,0,0,0,1
0,0,1,15,0,1,1793,0,1
1,0,0,23,0,0,0,1497,0
2,1,0,60,0,0,0,0,1
0,0,2,73,0,0,0,153,0
0,0,2,35,0,0,0,0,1
1,0,2,28,0,0,0,0,0
1,0,2,27,1,0,0,820,1
1,0,2,14,0,0,0,7860,0
1,1,2,26,0,224,0,0,1
0,0,2,22,0,224,102,43,0
2,0,0,22,0,2229,1349,121,1
2,0,1,71,0,924,10,9,0
2,0,0,25,0,5,633,0,1
2,1,2,27,0,0,0,0,1
0,0,2,1,0,0,0,0,0
0,0,2,52,0,809,0,0,1
0,1,2,0,0,0,0,0,1
1,1,0,30,0,0,0,0,1
1,0,2,52,1,0,0,1158,0
0,0,2,12,0,0,0,0,1
0,1,2,22,0,0,0,0,1
0,0,2,24,0,520,0,195,1
2,0,2,22,0,1173,0,9,0
0,1,1,15,0,0,0,0,0
2,1,2,21,0,224,0,0,1
2,1,0,56,0,0,0,0,1
2,0,2,50,0,1598,155,26,0
0,0,2,20,0,127,656,0,0
0,0,2,32,0,0,47,857,0
0,1,2,28,0,0,0,0,0
0,0,2,74,0,571,0,277,0
2,1,2,25,0,0,0,0,1
2,0,2,31,0,691,68,286,0
0,1,1,6,0,0,0,0,1
0,1,2,17,0,0,0,0,1
2,1,2,12,0,0,0,0,1
2,0,2,47,0,1130,299,0,1
2,1,2,46,0,0,0,0,1
1,0,0,31,0,139,13,232,1
1,0,2,36,0,0,0,0,1
0,0,0,15,0,62,2646,1104,0
2,0,2,38,0,886,618,0,0
0,1,0,48,0,0,0,0,1
0,1,2,21,0,0,0,0,1
0,1,2,4,0,0,0,0,1
2,1,2,31,0,0,0,0,1
0,0,1,31,0,0,394,0,0
1,0,1,62,1,0,0,85,1
0,1,2,29,0,0,0,0,1
0,0,2,30,0,0,1604,678,0
2,0,2,26,0,912,43,0,0
2,0,2,43,0,33,59,0,0
2,0,2,32,0,1087,71,0,0
2,1,0,24,0,0,0,0,1
2,1,2,49,0,0,0,0,1
0,0,2,21,0,17,31,257,1
0,0,2,18,0,0,79,0,1
0,1,2,18,0,0,0,0,1
0,1,2,14,0,0,0,0,0
2,0,2,21,0,1507,3,2,0
2,1,0,25,0,0,0,0,1
1,0,0,56,0,0,971,58,0
0,0,2,0,0,0,0,0,1
0,0,2,55,0,0,5,0,0
0,1,2,14,0,0,0,0,0
2,0,2,13,0,1007,142,295,0
2,0,0,43,0,4,1834,1,0
0,1,2,39,0,0,0,0,0
2,1,2,28,0,224,0,0,1
0,0,2,24,0,0,548,4,1
0,0,2,26,0,207,74,0,1
0,1,0,22,0,0,0,0,1
0,0,2,26,0,0,1352,5,0
2,0,2,19,0,155,1632,3,1
2,1,2,38,0,0,0,0,1
1,1,0,38,0,0,0,0,1
1,0,2,77,0,0,0,128,1
0,0,0,28,0,2840,0,0,0
0,0,2,22,0,224,379,0,0
0,0,2,20,0,4,193,241,0
0,0,2,18,0,0,699,0,1
1,0,0,10,0,0,0,0,1
1,1,0,34,0,0,0,0,1
0,0,2,43,0,0,0,0,0
2,1,0,31,0,0,0,0,0
2,1,0,40,0,0,0,0,1
2,0,2,25,0,1299,0,0,0
2,1,2,68,0,0,0,0,1
0,0,2,20,0,0,147,311,0
2,0,2,27,1,309,849,0,1
0,0,2,1,0,0,0,0,0
0,0,1,60,0,0,6,223,0
0,0,0,28,0,0,675,31,1
0,0,1,11,0,0,0,0,0
0,0,0,0,0,0,0,0,0
0,1,2,9,0,0,0,0,0
2,0,2,38,0,1046,1553,0,0
0,0,0,18,0,0,173,588,0
0,0,2,40,0,4,669,0,0
0,0,2,21,0,330,0,0,0
0,1,2,24,0,0,0,0,0
1,0,2,26,0,224,7,227,0
1,0,2,47,0,3865,0,12,0
1,0,2,46,0,0,173,8873,0
0,1,0,55,0,0,0,0,1
0,0,2,50,0,293,21,573,0
2,1,2,10,0,0,0,0,1
1,0,0,17,0,454,0,311,0
1,0,0,20,0,11,0,3583,0
1,0,2,37,0,76,0,1287,0
0,0,2,24,0,11,9,2645,0
0,0,0,43,0,511,173,0,0
0,0,2,0,0,0,0,0,0
0,0,2,24,0,180,0,1225,0
2,0,2,22,0,715,726,325,0
0,1,2,14,0,0,0,0,1
0,1,2,3,0,0,0,0,1
0,1,0,22,0,0,0,0,1
0,0,2,23,0,0,0,36,1
2,0,2,56,0,324,116,0,0
0,0,2,36,0,5,88,5,1
0,0,0,58,0,52,5,517,0
0,0,2,1,0,0,0,0,0
2,1,2,39,0,0,0,0,0
0,0,2,33,0,0,75,709,0
0,0,1,19,0,0,616,0,0
0,0,2,28,0,16,799,0,0
0,0,2,33,0,0,0,102,1
1,1,0,17,0,0,0,0,1
1,0,2,28,0,0,0,68,1
0,0,2,21,0,63,407,397,0
1,0,2,45,0,3,1100,498,1
2,1,2,62,0,0,0,0,1
2,1,2,43,0,0,0,0,1
0,0,2,27,0,158,1271,0,0
0,1,0,1,0,0,0,0,1
0,0,2,31,0,593,238,0,0
0,0,2,18,0,0,0,756,0
2,0,2,21,0,1097,80,589,0
2,0,2,7,0,0,0,0,1
2,0,2,22,0,2646,599,117,0
2,1,2,26,0,0,0,0,0
0,1,2,30,0,0,0,0,1
0,0,2,17,0,0,402,0,0
0,1,2,28,0,0,0,0,0
0,0,0,10,0,0,0,0,0
0,0,2,25,0,764,0,8,0
0,0,2,21,0,0,0,0,0
0,0,0,53,0,8,236,0,0
0,0,2,21,0,0,687,46,0
1,0,2,28,0,0,0,594,1
0,1,1,20,0,0,0,0,1
1,1,0,54,0,0,0,0,1
0,1,2,9,0,0,0,0,0
0,0,2,20,0,508,1,1372,0
0,0,2,19,0,0,0,699,0
0,0,2,32,0,0,0,0,0
2,0,2,22,0,0,0,0,0
1,0,0,35,0,74,0,893,1
0,0,2,26,0,0,322,6,1
0,1,2,51,0,0,0,0,0
0,0,0,8,0,0,0,0,1
0,0,2,40,0,0,895,0,1
0,1,0,2,0,0,0,0,1
0,1,1,19,0,0,0,0,0
0,1,2,32,0,0,0,0,1
0,0,0,16,0,1612,0,184,0
0,0,2,64,0,0,16,733,0
0,0,0,35,0,256,341,35,1
1,0,2,33,0,20,0,121,0
1,0,0,9,0,0,0,0,1
1,1,2,21,0,0,0,311,1
1,1,2,28,0,0,0,0,1
1,1,2,28,0,0,0,0,1
0,1,1,31,0,0,0,0,1
0,0,0,32,0,1150,0,0,0
1,1,0,43,0,0,0,0,1
1,1,2,60,0,0,0,0,1
1,0,2,43,0,0,0,85,1
0,0,2,43,0,0,34,753,0
0,0,2,19,0,64,453,174,0
0,0,2,21,0,0,0,646,0
0,0,2,38,0,0,0,846,0
0,1,1,17,0,0,0,0,1
0,1,1,29,0,0,0,0,1
0,0,1,2,0,224,0,0,1
0,0,2,22,0,718,50,0,1
0,0,0,18,0,0,14,625,0
0,1,2,16,0,0,0,0,1
1,1,2,52,0,0,0,0,1
1,0,0,52,0,13,0,10385,0
1,1,0,14,0,224,0,311,1
1,0,2,25,1,0,0,0,1
1,1,2,34,0,0,0,0,1
2,0,2,20,0,915,25,205,1
0,1,1,28,0,0,0,0,1
0,1,2,28,0,0,0,0,0
0,0,0,20,0,2598,0,866,0
0,0,0,44,0,632,101,5,1
0,0,2,64,0,313,8,0,0
0,0,2,27,0,0,775,127,1
0,0,2,24,0,0,0,0,0
2,1,2,38,0,0,0,0,1
2,0,2,47,0,378,117,1147,0
0,1,0,8,0,0,0,0,1
0,0,2,1,0,0,0,0,1
0,0,0,0,0,0,0,0,1
0,0,2,20,0,0,0,0,1
1,1,2,41,0,0,0,0,1
2,1,2,35,0,0,0,0,0
2,0,0,31,0,1065,150,36,0
0,0,1,14,0,0,504,125,0
0,0,2,25,0,0,762,0,0
1,1,2,26,0,0,0,0,1
1,0,2,26,0,0,0,476,0
1,0,2,30,0,0,0,3725,0
1,1,0,49,0,0,0,0,1
0,0,2,19,0,260,238,139,0
0,0,2,15,0,10,99,311,0
0,0,2,27,0,0,0,0,0
1,0,2,39,0,0,0,22,1
1,1,0,32,0,0,0,0,1
1,0,2,11,0,0,0,0,1
1,1,2,44,0,224,0,0,1
1,1,2,36,0,0,0,0,1
0,0,2,56,0,0,532,15,0
0,1,2,42,0,0,0,0,1
1,1,0,40,0,0,0,0,1
1,1,0,53,0,0,0,0,1
2,1,2,31,0,0,0,0,1
2,1,2,14,0,0,0,0,1
0,1,1,31,0,0,0,0,1
0,0,2,42,0,0,1519,0,0
0,0,2,32,0,0,0,0,0
0,0,2,34,0,578,0,0,0
0,1,2,55,0,0,0,0,1
2,0,2,42,0,1633,29,4,0
0,0,2,40,0,666,83,0,1
2,0,0,48,0,824,830,298,0
2,1,2,37,0,0,0,0,1
2,1,0,17,0,0,0,0,1
2,1,2,60,0,0,0,0,1
1,1,0,19,0,0,0,0,1
1,0,2,30,0,0,90,7740,0
1,0,2,32,0,0,7,3653,0
0,1,1,28,0,0,0,0,1
0,1,2,26,0,0,173,0,0
0,1,2,24,0,0,0,0,1
0,1,0,47,0,0,0,0,0
0,0,2,32,0,180,584,0,0
1,1,2,73,1,0,0,311,1
0,0,2,17,0,3,0,0,1
0,1,1,47,0,0,0,0,0
1,0,2,28,0,0,191,12062,0
1,1,0,13,0,0,0,0,1
1,0,2,22,0,0,0,12,0
1,0,2,61,0,0,0,265,1
1,0,0,19,0,0,0,11,1
1,0,2,45,0,0,0,880,1
0,1,1,18,0,0,0,0,0
0,0,2,32,0,0,0,0,0
1,0,2,52,1,0,0,1371,1
2,1,2,25,0,0,0,0,1
2,1,2,9,0,0,0,0,1
2,1,2,18,0,0,0,0,1
0,0,1,26,0,717,84,0,0
0,0,2,20,0,1,533,0,0
0,0,2,6,0,0,0,0,1
0,0,1,5,0,0,0,0,0
1,0,0,40,0,0,7,5,0
0,1,1,20,0,0,0,0,1
2,0,2,18,0,2532,46,0,0
0,0,2,42,0,0,0,898,0
0,1,1,14,0,0,0,0,1
2,1,2,33,0,0,0,0,1
0,0,0,23,0,664,0,0,0
0,1,2,35,0,0,0,0,0
0,0,1,53,0,2,705,0,0
0,1,2,56,0,0,0,0,1
0,0,0,35,0,1,37,719,0
0,0,2,18,0,1,0,602,0
0,0,2,25,0,106,173,0,0
0,1,0,20,0,0,0,0,1
2,1,2,44,0,0,0,0,1
0,1,2,26,0,0,0,0,0
2,0,2,23,0,24,1264,0,1
2,1,2,39,0,0,0,0,1
1,1,2,25,0,0,0,0,1
1,0,0,42,0,0,0,1026,0
0,0,2,20,0,0,830,17,1
0,1,2,4,0,0,0,0,1
0,1,2,64,0,0,0,0,1
0,0,2,0,0,0,0,0,1
0,0,1,19,0,0,269,0,1
0,0,0,6,0,0,0,0,0
1,1,2,23,0,0,0,0,1
0,0,2,22,0,0,0,100,0
0,0,2,18,0,0,1435,0,1
2,0,2,21,0,2,898,148,0
0,0,1,37,0,308,415,10,1
0,1,0,24,0,0,0,0,1
0,1,2,38,0,0,0,0,0
0,0,2,11,0,0,0,0,1
0,0,0,6,0,0,0,0,0
1,0,2,49,0,0,809,3668,0
1,0,2,55,0,0,158,4125,0
0,1,2,15,0,0,0,0,1
0,0,2,19,0,90,0,74,0
0,1,2,16,0,0,0,0,1
1,0,2,48,0,0,0,7967,0
1,1,0,25,0,0,0,0,1
1,0,2,23,0,2,0,23,1
0,1,1,27,0,0,0,0,0
0,0,2,39,0,505,181,0,0
0,0,2,28,0,0,4,0,1
2,1,2,72,0,224,0,0,1
2,0,2,47,0,2267,117,0,0
0,1,2,65,0,0,0,0,0
0,0,1,40,0,15,0,670,0
1,0,0,18,0,0,0,0,1
1,1,2,27,0,0,0,0,1
0,1,2,21,0,0,0,0,1
0,0,2,37,0,190,2,799,0
1,0,2,31,0,0,0,897,0
0,0,2,33,0,22,415,0,0
1,1,0,53,0,0,0,0,1
1,0,2,27,0,0,0,2,1
0,0,2,74,0,0,581,0,1
2,1,2,28,0,0,0,0,1
0,0,1,23,0,381,137,104,0
1,0,0,74,0,0,0,6616,0
0,1,2,23,0,0,0,0,1
0,0,1,26,0,6,400,2,0
0,1,2,0,0,0,0,0,1
0,1,2,0,0,0,0,0,1
0,0,0,24,0,95,1442,0,0
1,1,2,28,0,0,0,0,1
1,0,2,17,0,0,0,0,1
0,1,0,26,0,0,0,0,1
1,0,2,39,0,0,0,909,0
0,0,2,17,0,0,0,0,0
0,0,0,15,0,350,91,198,0
0,0,2,37,0,503,26,0,0
0,0,2,38,0,792,173,1,1
1,0,0,33,0,0,0,15,1
1,1,2,16,0,0,0,0,1
1,0,2,41,1,0,0,945,1
1,0,2,7,0,0,0,0,1
0,0,2,20,0,1,173,21,0
0,1,1,44,0,0,0,0,1
0,0,2,42,0,1196,0,68,0
0,0,2,29,0,0,0,0,0
1,0,0,22,0,0,26,2462,1
1,0,2,21,0,0,0,414,1
0,1,2,21,0,0,0,0,0
0,1,2,21,0,0,0,0,0
2,1,2,13,0,0,0,0,1
0,1,1,16,0,0,0,0,1
2,1,0,36,0,0,0,311,1
0,1,2,36,0,0,0,0,1
0,0,1,26,0,86,0,0,0
1,1,2,28,0,0,0,0,1
0,0,2,14,0,0,533,266,0
0,1,2,29,0,0,0,0,0
2,0,2,19,0,506,395,159,0
0,0,2,51,0,90,0,881,0
0,1,2,64,0,0,0,0,1
1,1,2,41,0,0,0,0,1
0,1,2,28,0,0,0,0,0
0,1,0,16,0,0,0,0,1
0,0,2,20,0,0,5,25,0
1,1,2,31,0,0,0,0,1
1,0,2,38,0,0,0,0,0
1,1,0,59,0,0,0,0,1
1,1,2,18,0,0,173,0,1
1,1,2,33,0,0,0,0,1
1,0,2,33,0,0,173,3,0
1,0,0,49,0,0,15,149,1
0,0,0,4,0,0,0,0,1
0,0,0,0,0,0,0,0,1
0,0,0,0,0,0,0,311,1
0,0,2,24,0,1,4,0,0
1,0,2,52,0,0,0,0,0
0,0,1,50,0,121,0,10,0
0,0,1,31,0,0,1,0,0
0,1,2,25,0,0,0,0,0
0,0,1,62,0,3,2908,0,1
1,0,2,49,0,0,0,166,0
1,1,2,24,0,0,0,0,1
1,0,2,33,0,0,0,131,1
0,0,2,20,0,0,21,0,1
1,0,0,46,0,0,0,1529,0
1,0,2,26,0,0,0,0,0
1,0,2,52,0,6,11,1149,0
2,0,2,28,0,274,693,944,0
2,1,2,39,0,0,0,0,1
1,0,2,29,0,4,0,0,1
1,0,0,19,0,0,0,1756,1
0,0,2,15,0,0,0,6,0
0,0,2,33,0,44,18,96,0
1,0,2,47,0,0,0,273,1
1,0,2,34,0,0,0,2279,1
1,1,0,26,0,0,0,0,1
1,1,2,15,0,0,0,0,1
2,1,2,28,0,0,0,0,1
2,0,2,27,0,542,1231,0,0
2,0,2,38,1,66,991,0,0
0,0,2,21,0,196,674,12,0
0,0,2,1,0,0,0,0,1
0,0,2,38,0,0,23,0,1
0,0,2,0,0,0,0,0,0
2,0,2,32,0,1272,1103,9,0
0,1,2,27,0,0,0,0,1
1,1,0,48,0,0,0,0,1
2,0,0,22,0,124,1763,0,0
0,0,0,28,0,1,857,0,0
0,0,2,19,0,122,52,0,0
2,1,2,37,0,0,0,0,0
2,1,2,46,0,0,0,0,1
0,1,2,26,0,0,0,0,1
0,0,2,16,0,0,722,0,1
0,1,2,0,0,0,0,0,1
0,1,2,0,0,0,0,0,1
0,0,2,26,0,0,0,0,0
0,1,1,13,0,0,0,0,1
1,1,0,23,0,0,0,0,1
1,1,2,70,0,0,0,0,1
0,1,2,21,0,0,0,0,1
2,1,2,40,0,0,0,0,1
2,0,2,18,1,733,688,1,0
0,0,2,23,0,1,778,8,1
0,1,2,15,0,0,0,0,1
2,0,0,28,0,809,31,733,0
2,1,2,45,0,224,0,0,1
2,0,2,18,0,1749,280,2,0
0,0,2,23,0,0,0,106,0
2,0,2,36,0,1304,7,18,0
2,1,2,25,0,0,0,0,1
1,1,0,28,0,0,0,0,1
0,0,0,29,0,0,0,0,0
0,0,2,31,0,1,274,27,0
0,1,1,14,0,0,0,0,1
2,1,2,31,0,0,0,0,1
1,0,2,39,0,0,0,130,1
1,1,0,17,0,0,0,0,1
1,1,2,56,0,0,0,0,1
0,0,2,36,0,0,0,0,0
2,0,0,21,0,1099,1820,0,0
0,0,2,48,0,0,0,0,1
0,1,2,53,0,0,0,0,0
0,1,1,5,0,0,0,0,0
0,1,2,21,0,0,0,0,0
1,0,0,50,0,4,0,2581,0
1,1,2,18,0,0,0,0,1
2,0,2,28,0,3,0,327,0
0,0,2,28,0,766,1,258,1
0,1,2,18,0,0,0,0,1
2,0,2,37,0,78,0,2948,0
2,1,2,19,0,0,0,0,1
2,0,2,27,0,249,65,812,0
2,0,1,37,0,3,800,76,1
2,1,2,43,0,0,0,0,1
2,0,2,17,0,1617,1777,0,1
2,0,0,21,0,2581,1158,139,0
2,0,0,55,0,14,0,3778,0
0,1,2,14,0,0,0,0,1
0,1,2,24,0,0,0,0,0
0,1,1,26,0,0,0,0,1
0,0,0,19,0,0,508,1,1
0,0,2,20,0,0,2687,35,0
0,0,2,14,0,30,0,572,0
2,1,2,19,0,0,0,0,1
0,0,1,15,0,85,160,5,1
0,0,2,25,0,19,0,1679,0
0,0,1,24,0,0,0,84,0
0,0,2,22,0,0,0,0,1
2,0,2,26,0,1178,0,7,0
2,1,0,23,0,0,0,0,1
0,0,1,20,0,0,1,0,0
0,0,2,53,0,323,14,450,1
0,0,2,55,0,42,1215,0,1
0,0,2,22,0,0,0,739,0
2,0,2,35,0,576,459,22,0
2,0,2,40,0,787,88,0,0
0,0,2,22,0,0,0,0,0
2,0,1,22,0,193,640,15,1
2,0,2,21,0,354,173,487,0
0,1,1,64,0,0,0,0,1
1,1,2,40,0,0,0,0,1
2,0,2,8,0,0,0,0,1
0,0,2,25,0,0,89,12,0
0,0,0,19,0,616,46,0,0
0,1,2,24,0,0,0,0,1
2,0,2,11,0,0,0,0,1
0,1,0,31,0,0,0,0,1
0,1,2,46,0,0,0,0,0
2,1,2,31,0,0,0,0,1
1,1,0,17,0,0,0,0,1
1,1,2,16,0,0,0,0,1
1,0,2,57,0,0,0,0,1
1,0,0,28,0,5,0,3340,0
1,0,2,27,0,0,0,8,0
1,0,0,28,0,0,0,0,1
1,1,0,26,0,0,0,0,1
0,1,2,17,0,0,0,0,1
0,0,2,36,0,5,896,0,1
0,0,2,24,0,1,0,0,1
0,0,2,18,0,0,0,0,1
0,0,2,20,0,2,7,2,0
0,0,0,10,0,0,0,0,0
0,0,2,28,0,2,5,0,1
0,1,0,23,0,0,0,0,1
1,0,2,36,0,43,0,14,0
1,1,0,27,0,0,0,0,1
1,1,0,54,0,0,0,0,1
1,0,0,38,0,224,0,1486,0
0,0,2,29,0,0,0,0,0
0,0,2,37,0,0,366,0,1
0,1,2,36,0,0,0,0,1
0,0,0,18,0,42,0,498,0
2,1,2,28,0,0,0,0,1
0,0,1,61,0,0,276,410,0
0,0,2,19,0,0,0,484,0
0,0,2,29,0,25,0,0,1
2,0,2,37,0,1280,1,111,0
1,0,2,29,0,125,9,1,1
0,0,0,38,0,0,0,49,0
0,1,2,41,0,0,0,0,0
0,1,1,23,0,0,0,0,1
0,0,2,48,0,224,1,0,0
0,0,2,0,0,0,0,0,1
0,0,2,46,0,105,0,72,0
2,1,2,36,0,0,0,0,1
2,1,2,42,0,0,0,0,1
2,1,2,28,0,0,0,0,1
2,1,2,16,0,0,0,0,1
2,1,2,43,0,0,0,0,1
2,1,2,40,0,0,173,0,1
1,1,0,22,0,0,0,0,1
0,0,1,39,0,0,0,1144,0
0,1,2,37,0,0,0,0,1
0,1,2,28,0,0,0,0,0
0,0,2,29,0,97,444,366,0
0,0,0,14,0,1,827,0,0
0,0,2,15,0,0,0,467,0
0,0,2,17,0,0,0,3003,0
0,1,2,4,0,0,0,0,1
0,0,2,24,0,3,335,0,1
0,0,2,28,0,42,671,71,0
1,0,0,22,0,224,2233,1,1
1,1,0,38,0,0,0,0,1
2,1,2,30,0,0,0,0,1
0,1,0,29,0,0,173,0,1
1,1,0,26,0,0,0,0,1
1,1,0,41,0,0,0,0,1
0,0,2,50,0,43,1,85,0
0,0,0,34,0,232,1,218,1
0,0,1,24,0,105,37,518,0
0,0,2,24,0,0,788,0,1
1,0,2,45,0,0,0,0,0
1,0,0,35,0,0,0,1792,0
1,1,0,23,0,0,0,0,1
1,1,0,23,0,0,0,0,1
1,0,2,21,0,4,137,1640,0
2,1,2,19,0,0,0,0,1
0,0,2,24,0,25,0,330,0
2,0,0,2,0,0,0,0,1
2,0,2,0,0,0,0,0,1
2,1,2,20,0,0,0,0,1
0,0,2,35,0,0,357,435,1
2,0,2,34,0,1404,4,359,0
0,0,2,26,0,808,0,16,0
0,1,2,26,0,0,0,0,1
1,1,0,32,0,0,0,0,1
1,0,0,25,0,0,0,241,1
1,1,0,30,0,0,0,0,1
1,0,2,57,0,0,13,195,0
0,0,2,23,0,58,15,311,0
2,1,2,32,0,0,0,0,0
0,1,2,27,0,224,0,0,1
2,0,2,20,0,1377,36,0,0
0,0,2,21,0,120,0,311,0
0,0,2,19,0,238,28,207,0
2,0,2,16,0,424,246,370,0
2,0,2,18,0,131,980,1,1
0,0,2,18,0,622,8,47,0
0,0,2,22,0,0,889,0,1
0,1,0,28,0,0,0,0,1
0,0,0,35,0,432,377,0,0
0,0,2,8,0,0,0,0,0
0,1,0,5,0,0,0,0,0
2,1,2,40,0,0,0,0,1
2,0,2,31,0,3471,232,0,0
2,1,2,9,0,0,0,0,1
1,1,2,56,0,0,0,0,1
1,1,0,39,0,0,0,0,1
1,1,2,18,0,0,0,0,1
2,0,2,45,0,48,761,138,0
2,0,1,33,0,33,354,311,0
0,1,1,2,0,224,0,0,0
0,1,2,1,0,0,0,0,0
0,0,2,2,0,0,0,0,1
0,1,2,16,0,0,0,0,0
0,0,2,18,0,18,1769,1,1
2,0,2,28,1,1193,2509,0,0
2,1,2,45,0,0,0,0,1
0,1,2,24,0,0,0,0,1
0,1,2,35,0,0,0,311,1
0,1,1,16,0,0,0,0,1
0,1,1,40,0,0,0,0,1
1,1,0,5,0,224,0,0,1
1,0,2,29,0,0,0,2989,0
1,1,2,31,0,0,0,0,1
1,0,0,27,0,3340,173,173,0
1,0,2,34,1,0,0,685,0
0,1,1,15,0,0,0,0,1
1,0,2,43,0,2,0,3,1
1,0,0,30,0,0,116,1924,0
1,0,2,61,0,328,0,20,1
0,0,2,48,0,0,632,250,0
0,1,0,17,0,0,0,0,1
0,0,2,19,0,0,2,76,0
1,1,2,29,0,0,0,0,1
0,1,0,2,0,0,173,0,0
0,1,2,24,0,0,0,0,1
0,0,2,19,0,0,5,55,0
2,0,1,34,1,0,869,0,1
0,0,2,19,0,224,14,755,0
1,0,2,39,0,0,0,234,0
1,1,2,26,0,0,0,0,1
1,0,2,53,0,0,0,193,0
1,1,0,18,0,0,0,0,1
2,1,2,28,0,0,0,0,1
1,1,0,45,0,0,0,0,1
1,1,2,32,0,0,0,0,1
0,0,2,18,0,64,3,3440,0
0,0,2,48,0,396,173,0,0
0,0,2,24,0,0,594,35,1
1,0,2,52,0,0,0,108,0
0,0,0,55,0,0,131,63,0
0,1,2,43,0,0,0,0,1
0,1,2,24,0,0,0,0,0
0,1,1,8,0,0,0,0,0
2,1,2,18,0,224,0,0,1
0,1,2,38,0,0,0,0,1
0,0,2,18,0,381,0,0,0
0,1,1,23,0,0,0,0,1
0,1,2,26,0,0,0,0,1
0,1,1,21,0,0,0,0,1
0,0,0,45,0,824,385,19,1
2,1,2,24,0,0,0,311,1
1,0,0,44,0,0,112,0,0
0,0,2,20,0,0,717,0,1
2,0,2,47,0,1037,258,4,0
0,1,2,16,0,0,0,311,1
1,0,2,28,0,80,0,4494,0
0,0,0,8,0,0,0,0,1
0,0,2,20,0,0,422,0,1
0,0,1,22,0,2,348,2,1
0,0,2,42,0,55,1503,0,1
0,0,1,23,0,0,44,0,1
0,0,2,30,0,513,0,0,0
0,1,2,18,0,0,0,0,0
0,0,2,35,0,227,394,9,0
2,1,2,42,0,0,0,0,1
2,1,2,46,0,0,0,0,1
1,0,2,29,0,2,4509,1433,1
1,1,0,35,0,0,0,0,1
0,0,2,48,0,0,0,0,1
0,0,2,24,0,1,13,10,1
1,0,2,38,0,821,0,27,0
0,0,0,51,0,183,1,0,0
0,0,2,77,0,0,131,3981,0
0,1,2,22,0,0,0,0,0
2,0,2,38,1,224,1355,0,0
2,0,2,42,0,913,1,1465,0
2,1,2,55,0,0,0,0,1
2,0,2,7,0,0,0,0,1
2,0,2,28,0,132,849,0,1
2,0,2,25,0,519,284,0,0
0,1,2,15,0,0,0,0,1
0,1,2,13,0,0,0,311,1
0,1,0,23,0,0,0,0,1
1,1,0,28,0,0,0,0,1
1,0,0,33,0,90,0,27,1
1,0,2,26,0,0,0,0,0
1,1,2,67,0,0,0,0,1
0,0,0,27,0,0,0,36,0
2,0,2,33,0,25,1376,604,0
0,0,2,18,0,0,0,0,0
0,0,2,36,0,357,114,0,0
0,1,2,18,0,0,0,0,1
0,0,2,51,0,406,53,0,0
2,1,2,54,0,0,0,0,1
2,0,2,33,0,3361,13,15,0
0,0,2,18,0,14,11,17,0
1,1,2,57,0,0,0,0,1
0,0,2,23,0,0,0,724,0
0,0,2,24,0,58,4,789,0
2,0,2,20,0,984,921,0,0
0,0,2,32,0,0,80,0,0
2,1,2,21,0,0,0,0,1
0,0,1,28,0,0,0,0,0
0,0,1,41,0,0,0,104,0
2,0,2,27,0,1192,0,0,1
0,0,1,49,0,0,101,50,1
0,0,2,18,0,0,0,1565,0
0,0,0,34,0,71,242,393,0
2,0,2,73,0,799,190,68,0
0,0,2,40,0,1387,1564,5,0
0,0,1,63,0,1,0,0,0
2,0,2,21,0,1060,91,0,1
0,0,2,21,0,28,0,0,1
2,0,2,23,0,418,627,0,0
2,0,2,31,0,1049,227,2,0
0,0,0,41,0,312,44,0,0
0,1,2,15,0,0,0,0,1
1,0,2,36,0,90,0,15,0
0,0,2,24,0,4,0,0,0
0,0,2,27,0,0,0,79,0
1,0,0,24,0,38,0,54,0
1,1,0,19,0,0,0,0,1
1,0,2,25,0,0,0,36,1
1,1,0,39,0,0,0,0,1
1,1,2,15,0,0,0,0,1
1,0,2,31,0,0,0,97,1
1,1,0,25,0,0,0,0,1
1,0,2,57,0,205,0,1589,0
2,1,2,28,0,0,0,0,1
0,0,1,18,0,16,735,0,1
0,1,2,33,0,0,0,0,1
0,0,2,23,0,339,7,0,1
1,1,0,34,0,0,173,0,1
2,1,0,38,0,0,0,0,1
2,0,2,21,0,2627,597,0,1
2,1,2,31,0,0,0,0,0
2,0,2,13,0,974,1883,0,0
2,0,2,54,0,149,215,0,1
2,0,2,13,0,1008,8,0,0
2,0,2,18,0,12,1105,658,0
1,1,2,28,0,0,0,0,1
0,0,2,43,0,0,7,0,0
0,0,2,56,0,3,768,0,1
0,0,2,63,0,1540,0,0,0
0,0,2,9,0,0,0,0,1
0,0,2,9,0,0,0,0,0
0,0,2,0,0,0,0,0,1
0,0,0,16,0,0,623,40,1
0,1,2,42,0,0,0,0,1
0,1,2,9,0,0,0,0,0
1,1,0,22,0,0,0,0,1
1,1,0,47,0,0,0,0,1
2,1,2,30,0,0,0,0,1
0,0,2,29,0,2478,31,4,0
0,0,2,28,0,86,0,0,0
0,0,2,22,0,158,1189,845,1
0,0,2,19,0,0,3,785,0
2,0,0,31,0,796,70,595,0
1,1,0,17,0,0,0,0,1
1,0,2,38,0,0,0,4,0
1,1,0,13,0,0,0,311,1
0,1,1,36,0,0,0,0,1
0,0,2,0,0,0,0,0,1
0,1,2,21,0,0,0,0,1
0,0,1,18,0,0,0,0,1
2,1,2,36,0,0,0,0,0
2,0,2,27,0,847,4,0,0
2,0,2,5,0,0,0,0,1
0,0,0,18,0,0,0,2241,1
0,1,2,25,0,0,0,0,0
0,1,2,14,0,0,0,0,1
1,1,2,23,0,0,0,0,1
0,0,0,2,0,0,0,0,0
0,1,2,1,0,0,0,0,0
0,1,0,7,0,0,0,311,1
0,0,1,6,0,0,0,0,0
0,0,2,56,0,967,0,3,0
0,1,0,4,0,0,0,0,1
0,0,2,65,0,0,0,0,0
0,1,2,36,0,0,0,0,1
1,1,2,25,0,0,0,0,1
0,0,2,41,0,6,11,1046,0
0,0,2,20,0,9,1462,94,1
0,1,1,18,0,0,0,0,1
0,0,2,15,0,309,496,20,1
0,0,2,23,0,0,1,0,0
0,0,1,29,0,0,553,44,0
0,1,2,33,0,0,0,0,1
1,0,2,14,0,2,0,578,0
1,1,0,55,0,0,0,0,1
1,0,2,30,0,0,0,49,0
0,0,2,21,0,0,173,65,0
0,0,2,26,0,35,711,0,1
0,1,1,33,0,0,0,0,1
0,0,2,18,0,95,0,13,0
0,1,2,9,0,0,0,0,1
0,1,0,0,0,0,0,0,1
0,0,0,19,0,0,0,263,1
0,0,2,18,0,716,0,0,0
1,0,0,38,0,55,0,650,0
1,0,0,42,0,0,0,1313,1
1,0,2,28,0,3,0,1250,0
1,1,0,37,0,0,0,0,1
0,0,0,29,0,0,0,1819,0
0,0,0,42,0,0,0,481,0
2,0,2,18,0,659,2316,0,1
2,0,0,34,0,2,805,29,1
0,1,0,34,0,0,0,0,1
0,1,1,18,0,0,0,0,0
0,0,2,24,0,3537,0,0,0
0,0,2,24,0,45,5,7,1
2,1,2,56,0,0,0,0,1
2,1,2,2,0,0,0,0,1
2,1,2,12,0,0,0,0,1
0,0,2,37,0,772,840,1,0
2,0,2,60,1,2739,0,0,0
0,1,2,55,0,0,0,0,0
0,1,1,20,0,0,0,0,0
2,0,2,28,0,629,659,607,0
0,1,2,28,0,0,0,0,0
2,0,2,37,0,14,91,1203,0
0,0,2,18,0,325,477,50,0
0,0,2,14,0,781,1,4,0
1,0,2,29,0,3478,15,203,1
0,0,2,51,0,0,0,544,0
0,1,2,45,0,0,0,0,0
0,1,2,45,0,0,0,0,1
2,0,2,41,0,1144,14,22,0
0,0,2,21,0,0,255,0,0
0,0,2,28,0,653,0,0,0
0,1,0,0,0,0,0,0,1
0,0,2,46,0,0,0,0,0
2,1,2,41,0,0,0,0,1
0,0,0,13,0,0,0,0,1
0,0,1,55,0,0,0,0,0
0,0,1,20,0,0,0,0,1
0,1,2,21,0,0,0,0,1
0,0,2,49,0,324,0,0,0
0,0,2,27,0,0,1020,0,1
0,0,2,0,0,0,0,0,1
2,0,2,22,0,886,0,0,0
0,1,2,17,0,0,0,0,0
2,0,2,23,0,355,764,0,1
0,0,2,44,0,39,0,7,0
1,1,2,29,0,0,0,0,1
0,0,2,19,0,0,5,756,1
0,1,2,3,0,0,0,0,1
1,0,2,29,0,0,0,58,1
0,0,2,19,0,46,675,0,1
0,1,2,22,0,0,0,0,1
0,0,1,33,0,400,33,0,0
0,1,1,28,0,0,0,0,1
0,0,2,50,0,667,0,11,0
2,0,2,54,0,1217,1,4,0
2,0,2,43,0,1448,150,0,0
0,0,2,17,0,103,0,16,1
2,0,2,26,0,1632,80,7,0
0,0,2,44,0,1258,0,1,0
0,0,1,51,0,0,10,1098,0
1,1,2,29,0,0,0,0,1
0,0,2,4,0,0,0,0,0
0,0,1,40,0,0,310,1,0
0,0,0,27,0,0,2,0,0
0,0,2,8,0,0,0,0,0
0,0,2,3,0,0,0,0,0
0,0,0,11,0,0,0,0,1
0,0,1,24,0,16,1136,0,1
0,0,0,25,0,0,0,439,0
1,0,0,28,0,89,0,2,1
0,0,2,25,0,0,0,0,0
0,1,2,27,0,0,0,0,1
0,0,2,25,0,20,424,0,0
0,1,2,0,0,0,0,0,1
0,0,2,58,0,0,970,0,1
0,1,2,3,0,0,0,0,1
0,1,1,4,0,0,0,0,1
0,1,0,2,0,0,0,0,0
0,0,2,34,0,0,14,0,1
0,0,0,5,0,0,0,0,1
0,0,2,3,0,0,0,0,0
2,1,2,46,0,0,0,0,0
0,0,2,22,0,1417,0,0,1
0,0,2,8,0,0,0,0,1
0,0,2,17,0,3,927,0,1
0,0,2,4,0,0,0,0,0
0,1,2,12,0,0,0,0,0
0,1,1,40,0,0,0,0,1
0,0,1,16,0,4,2278,2,1
0,1,2,41,0,224,0,0,1
0,1,2,8,0,0,0,0,0
0,1,0,14,0,0,0,0,1
0,1,2,2,0,0,0,0,1
0,0,1,59,0,400,126,0,1
0,0,2,45,0,1796,4,0,0
0,0,0,52,0,0,0,0,1
2,1,2,33,0,0,0,0,1
0,0,0,51,0,8,206,1247,1
0,1,2,38,0,0,0,0,0
2,0,2,14,0,460,0,315,0
1,0,2,42,0,0,1,1193,0
1,0,0,28,0,0,0,750,0
0,0,0,34,0,309,0,0,0
2,0,2,21,0,0,0,0,0
2,1,2,30,0,0,0,0,1
2,1,2,28,0,0,0,0,1
2,1,2,26,0,0,0,0,0
2,0,2,23,0,931,134,0,0
0,0,2,20,0,224,0,20,0
0,0,0,59,0,258,5,0,1
1,0,0,37,0,6498,0,416,0
2,0,2,32,0,1843,662,0,0
0,0,1,37,0,4,223,512,0
0,0,2,27,0,1,757,0,0
1,1,0,42,0,0,0,0,1
0,1,1,29,0,0,0,0,1
0,0,2,2,0,0,0,0,1
0,1,2,10,0,0,0,0,0
0,0,2,0,0,0,0,0,0
0,1,2,21,0,0,0,0,0
0,0,2,8,0,0,0,0,0
1,1,0,28,0,0,0,0,1
1,1,2,27,0,0,0,0,1
0,0,1,13,0,0,0,0,1
1,0,0,49,0,2025,0,2456,1
2,1,2,38,0,0,0,0,0
0,1,0,21,0,0,0,0,1
0,0,2,22,0,7,110,708,0
0,1,1,14,0,0,0,0,1
0,1,1,24,0,0,0,0,0
0,0,2,24,0,714,4,49,0
0,1,2,34,0,0,0,311,0
1,0,2,1,0,0,0,0,1
1,1,0,28,0,0,0,0,1
1,1,0,26,0,0,0,0,1
0,0,2,28,0,0,0,32,0
2,0,2,32,0,536,736,118,0
2,0,2,2,0,0,0,0,1
2,1,2,10,0,0,0,0,1
2,0,2,49,0,1417,531,1348,0
0,1,1,14,0,0,0,0,1
0,1,2,29,0,0,0,0,1
1,1,0,25,0,0,0,0,0
1,0,0,36,0,0,0,2067,0
0,1,2,22,0,0,0,0,1
0,0,2,21,0,3,600,0,0
0,0,2,36,0,437,0,2,0
0,0,2,54,0,880,531,2,0
2,0,2,30,0,1851,378,0,0
2,1,2,0,0,0,0,0,1
2,1,2,1,0,0,0,311,1
0,1,2,42,0,0,0,0,1
0,0,2,47,0,939,173,0,1
0,0,2,25,0,1339,360,0,0
1,0,0,18,0,0,0,67,0
1,1,2,22,0,0,0,0,1
1,0,2,27,0,224,0,148,0
0,0,0,24,0,0,2433,0,1
1,1,2,28,0,0,0,0,1
1,1,0,22,0,0,173,0,1
0,1,2,60,0,0,173,0,1
1,0,2,38,0,1901,0,7561,0
0,0,2,23,0,1616,1,0,0
0,1,2,21,0,0,0,0,0
2,0,0,55,0,1680,1,0,0
0,0,0,20,0,719,10,0,0
0,0,0,50,0,451,195,31,0
2,0,2,22,0,0,0,0,0
1,0,2,21,0,0,1828,7,1
1,0,2,26,0,0,0,0,1
1,0,2,36,0,0,0,1097,1
2,0,2,46,0,227,1546,3,1
0,0,2,26,0,0,1,0,1
0,0,2,24,0,0,0,14,0
0,0,0,14,0,834,3,183,0
2,0,2,46,0,949,128,3,1
0,0,2,15,0,0,123,0,0
0,1,2,30,0,0,0,0,0
0,1,2,28,0,0,0,0,1
2,0,2,38,0,1100,163,3,0
1,1,2,48,0,0,0,0,1
0,1,2,31,0,0,0,0,0
0,0,2,41,0,1025,0,0,0
0,0,2,43,0,0,78,0,1
0,0,2,23,0,0,489,5,0
1,1,0,48,0,0,0,0,1
1,0,2,47,0,27,538,18,1
0,0,2,19,0,169,173,97,1
0,0,2,25,0,0,0,847,0
0,1,2,28,0,0,0,0,1
1,1,0,16,0,0,0,0,1
1,0,2,45,0,0,0,166,1
2,1,2,31,0,0,0,0,1
0,1,1,19,0,0,0,0,0
0,0,2,21,0,40,736,0,1
0,1,1,28,0,0,0,0,0
0,1,1,22,0,0,173,0,1
1,0,2,23,0,0,0,0,1
2,0,2,54,1,111,1144,8,0
2,0,2,0,0,0,0,0,1
2,1,2,4,0,0,0,0,1
0,0,2,23,0,15,777,3,0
2,1,2,19,0,0,0,0,1
1,1,2,34,0,0,0,311,1
0,1,0,18,0,0,0,0,0
0,1,2,40,0,0,0,0,1
2,0,2,58,0,850,22,1493,0
0,0,0,39,0,664,0,40,0
0,0,1,23,0,40,30,0,0
0,0,2,11,0,0,0,0,0
1,1,2,43,0,0,173,0,1
2,1,2,29,0,0,0,0,0
0,0,2,36,0,19,0,5,0
0,0,1,13,0,16,87,544,0
1,0,2,54,0,0,0,3200,1
1,1,2,45,0,0,0,0,1
0,0,0,33,0,224,589,2,1
0,0,2,46,0,0,0,0,1
0,1,0,15,0,0,0,0,1
0,0,2,35,0,89,0,545,0
2,1,2,23,0,0,0,0,1
0,1,0,15,0,0,0,0,0
0,0,2,27,0,0,580,211,0
0,0,2,15,0,224,15,5,0
2,0,2,27,1,661,991,46,1
0,1,0,16,0,0,0,0,1
0,0,2,37,0,246,703,5,1
1,1,0,45,0,0,0,0,1
1,0,0,58,1,0,3627,122,1
0,0,1,28,0,0,0,0,0
0,0,2,38,0,0,30,0,0
0,0,2,28,0,0,6,0,0
1,1,2,47,0,0,0,0,1
1,0,2,41,0,0,0,2,1
1,1,2,28,0,224,0,0,1
0,1,2,23,0,0,0,0,0
2,1,2,24,0,0,0,0,1
2,0,2,58,0,12,186,2436,0
0,1,2,36,0,0,0,0,1
2,0,0,24,0,1363,50,0,0
2,0,2,56,0,128,959,0,0
2,1,2,15,0,0,0,0,1
2,0,2,19,0,154,2074,0,1
0,0,2,27,0,0,0,658,0
0,0,2,47,0,59,327,557,0
0,0,0,37,0,0,15,20,0
2,1,2,39,0,0,0,0,1
2,1,2,20,0,0,0,0,1
2,0,2,20,0,760,742,352,1
2,0,2,38,0,490,358,855,0
2,0,2,46,0,247,418,480,0
2,1,2,13,0,0,0,0,1
2,0,0,24,0,612,46,87,1
1,1,2,32,0,0,0,0,1
1,1,0,28,0,0,0,0,1
1,0,0,44,0,36,0,1675,0
0,0,2,19,0,0,4,6,0
1,0,2,30,1,0,183,91,1
1,1,2,23,0,0,0,0,1
1,0,2,4,0,0,0,0,1
1,0,2,0,0,0,0,0,1
1,1,2,17,0,0,0,0,1
1,1,2,44,0,0,0,0,1
1,0,0,31,0,2,0,4840,0
1,0,0,41,1,0,0,1022,1
1,0,0,33,0,0,0,1817,0
1,0,2,43,0,0,0,3975,0
1,0,0,43,1,0,0,26,0
0,0,2,36,0,1367,173,0,0
0,0,0,19,0,558,353,0,0
0,0,2,24,0,0,0,0,1
0,1,0,17,0,0,0,0,1
0,0,2,23,0,1277,0,240,1
0,0,0,17,0,558,3,0,0
2,0,2,18,0,950,236,754,0
2,1,0,34,0,0,0,0,1
0,1,2,13,0,0,0,0,1
0,0,2,66,0,610,0,17,1
0,0,2,27,0,0,0,128,1
0,0,2,19,0,1620,4,0,0
0,0,2,55,0,0,703,1,1
2,0,2,40,0,0,1,293,0
0,1,1,23,0,0,0,0,1
0,0,2,7,0,0,0,0,0
0,1,2,12,0,0,0,0,1
0,0,2,37,0,0,0,58,0
0,0,2,22,0,0,524,7,0
0,1,2,25,0,0,0,0,1
1,1,0,46,0,0,0,0,1
2,0,0,37,0,326,455,2,0
1,1,0,50,0,0,0,0,1
1,1,0,28,0,0,0,0,1
1,1,2,26,0,0,0,0,1
0,1,2,28,0,0,0,311,1
0,0,1,23,0,4,142,311,0
1,0,2,23,0,3,0,4280,0
2,0,2,34,1,992,14,0,0
1,1,2,65,0,0,0,0,1
0,1,2,20,0,0,0,0,1
2,1,2,29,0,0,0,0,1
2,0,2,30,0,176,2310,0,1
2,1,2,3,0,0,0,311,1
2,0,2,40,0,1268,0,0,0
2,0,2,32,0,1331,0,665,0
0,0,2,31,0,553,9,1,0
0,0,2,13,0,27,1080,0,1
0,0,2,29,0,37,167,608,0
0,0,2,28,0,0,0,732,0
2,0,0,19,0,1184,0,0,1
2,0,0,24,0,469,173,196,1
2,1,2,22,0,0,0,0,0
0,0,0,13,0,406,1670,0,0
0,0,2,21,0,0,23,820,0
0,0,0,24,0,0,1435,10,1
1,0,2,47,0,0,0,173,1
1,0,2,27,0,0,76,184,0
0,0,2,18,0,0,774,0,1
1,1,0,36,0,0,0,0,1
0,0,2,68,0,0,223,580,0
1,0,2,31,0,0,0,0,1
2,1,2,28,0,0,0,0,1
2,0,2,36,0,3002,150,0,0
0,0,2,17,0,0,0,66,1
0,1,2,13,0,0,0,0,1
0,0,2,30,0,0,0,3840,0
1,0,2,58,0,0,0,101,1
1,1,2,43,0,0,0,0,1
1,0,0,20,0,354,323,284,1
0,0,2,29,0,715,173,698,0
0,0,2,15,0,156,1132,192,1
0,0,2,30,0,488,242,0,0
1,0,0,33,0,5493,23,3013,0
1,1,2,25,0,0,0,0,1
1,0,2,62,0,0,0,3314,0
0,1,1,41,0,0,0,0,1
0,0,2,27,0,6,0,768,0
0,1,2,18,0,0,0,0,0
0,1,2,27,0,0,0,0,1
0,0,2,19,0,571,0,97,1
0,0,2,37,0,0,115,671,0
0,1,2,24,0,0,0,0,0
0,0,2,29,0,13,664,74,0
0,0,0,44,0,0,608,0,0
0,0,2,19,0,0,882,2,0
1,0,2,39,0,0,0,1254,0
1,0,2,63,0,0,1,2882,0
1,0,2,39,0,9,0,0,0
2,1,2,41,0,0,0,0,1
0,1,2,27,0,0,0,0,1
2,0,0,56,0,412,9,117,1
1,1,2,22,0,0,0,0,1
1,0,0,26,0,1,4790,270,0
0,0,2,24,0,0,0,0,0
0,1,1,18,0,0,0,0,1
0,1,2,13,0,224,0,0,1
0,0,2,32,0,0,1020,0,1
1,0,0,30,0,24,98,0,0
1,1,2,25,0,0,0,0,1
0,0,2,55,0,0,1,0,1
0,0,1,19,0,0,0,669,0
0,0,2,24,0,0,222,8,1
1,0,2,32,0,401,5,422,1
2,0,2,24,0,0,0,0,0
2,1,2,32,0,0,0,0,1
0,1,2,36,0,0,0,0,0
1,0,0,28,0,0,0,1283,1
0,0,2,52,0,0,0,0,1
0,0,2,29,0,646,13,0,1
2,0,0,23,0,49,2716,0,1
2,1,2,32,0,0,0,0,1
0,1,2,35,0,0,0,0,0
1,0,0,41,0,14,81,604,0
0,1,1,16,0,0,0,0,1
1,1,0,33,0,0,0,0,1
0,1,0,6,0,0,0,0,1
0,0,0,15,0,36,0,0,1
0,0,2,38,0,0,84,267,0
0,0,2,56,0,0,12,3,0
0,1,1,4,0,0,0,0,1
0,1,1,21,0,0,0,0,1
2,0,0,22,0,1371,235,0,1
0,0,2,37,0,0,785,3,0
0,0,2,6,0,0,0,0,1
0,0,2,22,0,563,364,0,0
1,0,2,26,0,0,0,0,0
0,0,2,22,0,0,486,0,1
0,0,2,20,0,0,0,0,1
0,0,1,28,0,0,0,1156,0
2,0,2,24,0,439,2140,0,1
2,1,2,25,0,0,0,0,1
0,0,2,48,0,2,83,589,0
0,0,2,24,0,786,0,7,0
2,0,0,3,0,0,0,0,1
2,1,2,24,0,0,0,0,1
2,0,2,25,0,412,567,775,0
2,1,0,1,0,0,0,0,1
0,0,2,20,0,0,712,0,1
0,0,2,22,0,39,63,3,0
2,0,0,28,0,427,754,0,1
0,1,0,17,0,0,0,0,1
1,0,0,28,0,0,0,2143,0
1,1,2,47,0,0,0,0,1
2,1,2,34,0,0,0,0,0
1,0,2,29,1,267,257,843,1
1,1,2,14,0,0,0,0,1
1,0,2,36,0,0,0,1301,1
1,0,0,40,0,2320,4874,3131,1
2,0,2,49,0,22,1129,0,1
1,0,2,51,0,0,0,0,1
1,0,2,41,0,0,0,2740,1
1,0,0,44,0,0,0,22,1
2,0,2,47,0,2044,95,0,0
0,0,2,22,0,0,945,0,1
0,1,1,13,0,0,0,0,1
0,0,2,18,0,0,661,0,1
0,0,2,28,0,0,3,562,0
0,0,0,22,0,429,232,0,1
0,0,2,50,0,444,408,0,0
1,1,2,47,1,0,0,0,1
2,0,2,55,0,802,155,4,0
0,1,2,21,0,0,0,0,1
0,0,1,39,0,0,1,0,0
0,0,2,21,0,641,409,0,0
1,0,2,37,0,33,17,4,1
1,0,2,31,0,22,2,124,1
0,0,2,23,0,115,0,311,0
1,1,0,28,0,0,0,0,1
2,0,2,23,0,118,949,206,0
0,0,1,20,0,0,108,311,1
1,0,2,28,0,3,0,696,0
1,0,0,40,0,0,0,425,1
1,0,0,54,0,0,0,0,0
2,1,2,18,0,0,0,0,1
0,0,0,27,0,0,0,734,1
1,0,2,43,0,0,0,0,1
0,1,1,25,0,0,0,0,1
0,0,2,13,0,552,0,4,0
0,0,1,15,0,0,873,0,1
0,1,0,37,0,0,0,0,1
2,1,0,32,0,0,0,0,1
0,0,2,19,0,857,0,0,0
0,0,2,21,0,3,0,1494,0
1,0,2,27,0,0,0,0,1
1,0,0,39,0,106,126,7,0
0,1,2,22,0,0,0,0,1
1,0,2,25,0,0,4285,812,1
1,0,0,34,0,224,0,288,1
2,1,2,54,0,0,0,0,1
2,0,2,42,0,954,1,0,0
0,0,1,36,0,735,2,0,0
0,0,1,43,0,0,3,0,1
0,0,1,23,0,65,0,0,1
1,0,2,57,0,0,0,0,1
1,0,2,54,0,0,0,0,1
1,0,2,51,0,0,885,0,1
2,0,1,32,0,192,441,18,0
1,0,2,33,0,0,0,0,1
2,1,2,8,0,0,0,0,1
2,1,2,44,0,0,0,0,1
2,0,2,27,0,875,61,289,0
0,0,2,48,0,383,0,393,1
0,0,0,13,0,38,0,733,0
0,1,2,5,0,0,0,0,0
0,0,2,18,0,754,34,0,0
0,0,2,23,0,0,206,681,0
0,0,2,23,0,0,11,646,0
0,1,1,35,0,0,0,0,1
0,0,2,25,0,141,640,0,0
2,0,2,32,0,689,610,0,0
2,0,0,0,0,0,0,0,1
2,1,2,5,0,0,0,0,1
0,0,0,16,0,0,0,0,1
0,1,1,18,0,0,0,0,1
0,1,1,29,0,0,0,0,0
0,0,2,55,0,134,0,6,0
0,0,2,41,0,7,297,108,0
0,0,2,38,0,224,404,121,0
1,1,2,27,0,0,0,0,1
0,1,2,55,0,0,0,0,1
2,1,2,75,0,0,0,0,1
1,0,2,50,0,0,388,78,1
0,0,2,23,0,27,32,725,0
0,0,1,37,0,715,54,0,1
0,0,2,33,0,0,232,0,0
2,0,2,45,0,941,36,12,0
1,1,0,47,0,0,0,0,1
1,1,2,13,0,0,0,0,1
1,0,2,29,0,0,0,1366,1
2,0,2,19,0,30,42,3565,0
2,1,2,30,0,0,0,0,1
1,0,0,39,0,3,0,805,0
1,0,2,31,0,0,0,209,0
1,0,0,29,0,0,12,795,1
2,0,2,16,0,546,23,513,0
0,0,1,18,0,0,1513,0,1
0,0,0,38,0,8,1414,10,0
0,1,2,50,0,0,0,0,0
0,1,1,21,0,0,0,0,0
0,1,1,22,0,0,0,0,1
0,1,2,20,0,0,0,0,1
2,0,2,36,0,721,471,0,0
0,0,2,23,0,224,0,0,1
1,1,0,31,1,0,0,0,1
1,1,2,39,0,0,0,0,1
1,0,0,50,0,0,0,1,1
0,0,2,40,0,0,0,0,0
0,0,2,28,0,8,77,560,0
1,0,2,38,0,2,771,3094,0
1,0,2,37,0,0,33,7113,0
1,1,0,59,0,0,0,0,1
1,0,0,41,0,35,0,180,1
1,0,2,33,0,0,173,311,1
0,1,2,54,0,0,0,0,1
0,0,2,40,0,0,2414,0,1
2,0,2,43,0,130,870,31,1
1,1,0,26,0,0,0,0,1
1,0,0,65,0,0,0,6,1
1,1,0,22,0,0,0,0,1
1,0,2,28,0,0,0,31,0
0,1,2,35,0,0,0,0,1
0,1,2,30,0,0,0,0,1
1,0,2,28,0,0,0,134,0
0,0,2,23,0,0,159,311,1
0,0,2,24,0,698,51,2,1
0,1,1,16,0,0,0,0,1
2,1,2,18,0,0,0,0,1
0,0,2,20,0,399,311,0,0
1,1,2,29,0,0,0,0,1
1,1,2,29,0,0,0,0,1
0,0,2,21,0,0,0,0,0
1,1,2,2,0,0,0,0,0
1,0,2,43,0,31,0,1353,0
1,0,2,28,0,0,0,1,0
1,0,0,31,1,0,0,51,0
0,0,2,23,0,36,670,0,1
1,1,2,26,0,0,0,0,1
1,0,0,43,0,0,327,4643,0
0,0,2,28,0,1549,5,0,0
0,0,1,24,0,0,1455,59,0
0,0,2,27,0,110,638,0,0
2,0,0,13,0,2244,507,0,0
2,0,2,27,0,994,26,1,0
0,1,2,2,0,224,0,0,1
0,1,2,24,0,0,0,0,1
0,1,2,2,0,0,173,0,1
1,0,2,50,1,13,0,161,0
1,1,0,27,0,0,0,0,1
0,0,2,26,0,1170,0,187,0
0,0,0,31,0,23,0,311,0
2,0,2,28,0,3559,173,13,0
0,0,0,4,0,0,0,0,0
0,0,2,9,0,0,0,0,1
0,0,2,0,0,0,0,0,1
0,1,2,35,0,0,0,0,0
0,1,2,3,0,0,0,0,1
2,0,2,25,0,1956,161,239,0
2,0,2,63,0,3087,60,2,0
2,1,2,34,0,0,0,0,1
2,0,2,35,0,1219,1742,740,0
0,1,2,26,0,0,0,0,1
0,0,2,39,0,0,0,802,0
1,0,0,34,0,0,1339,92,0
1,0,2,36,0,0,1,16,0
0,1,2,46,0,0,0,0,1
0,0,2,26,0,42,895,407,1
2,1,2,28,0,0,0,0,1
0,0,0,20,0,0,7,0,1
0,1,2,35,0,0,0,0,0
0,0,0,11,0,0,0,0,0
0,1,1,14,0,0,0,0,0
0,1,1,4,0,0,0,0,1
0,0,2,11,0,0,0,0,0
0,1,2,31,0,0,0,0,1
0,0,2,15,0,0,0,0,1
0,0,2,39,0,0,0,69,0
0,0,2,7,0,0,0,0,0
0,0,2,24,0,83,129,504,0
0,1,2,22,0,0,0,0,1
2,1,2,26,0,0,0,0,0
1,0,0,53,0,0,49,39,1
1,0,2,40,0,2,0,201,0
2,0,2,19,0,160,889,0,0
2,0,0,54,0,433,867,19,0
2,0,2,21,0,572,128,14,0
2,0,2,25,0,1340,8,0,0
2,0,2,48,0,137,877,0,1
2,0,1,41,0,224,1127,8,1
2,0,2,13,0,27,3246,0,1
1,0,2,57,0,0,0,0,1
1,1,2,25,0,0,0,0,1
1,1,0,48,0,0,0,0,1
2,0,2,34,0,849,375,0,0
0,1,2,16,0,0,0,0,1
0,0,2,0,0,0,0,0,0
0,0,0,15,0,6,2184,0,1
0,0,0,37,0,426,2,194,0
0,0,2,37,0,452,234,19,0
0,0,2,49,0,820,690,292,0
0,0,2,18,0,1,0,0,0
0,0,2,25,0,101,0,137,1
0,0,1,28,0,0,2048,2,1
0,0,0,43,0,26,3,117,0
0,0,2,20,0,9,157,525,0
1,1,2,54,0,0,0,0,1
0,1,2,30,0,0,0,0,1
1,1,2,37,0,0,0,0,1
0,0,0,30,0,60,553,1,1
0,0,2,20,0,631,0,0,0
0,0,2,20,0,25,796,44,0
0,0,2,24,0,0,0,0,0
0,0,2,44,0,0,0,748,0
0,0,0,0,0,0,0,0,1
0,1,2,15,0,0,0,0,1
1,1,2,19,0,0,0,0,1
1,1,0,20,0,0,0,0,1
2,0,1,20,1,14,59,1777,0
0,1,2,34,0,0,0,0,1
0,0,1,17,0,0,0,0,1
0,0,2,20,0,0,0,0,1
0,0,2,42,0,0,0,17,0
0,0,2,28,0,0,516,311,1
2,0,2,43,0,375,1990,36,1
1,0,1,55,1,0,0,278,0
0,0,2,21,0,29,47,694,0
0,0,2,17,0,0,295,0,0
1,0,0,54,0,0,0,15238,0
0,0,2,25,0,224,173,0,1
0,0,2,28,0,0,851,0,1
1,0,0,45,0,0,0,1940,0
1,1,2,31,0,0,0,0,1
1,1,0,19,0,0,0,0,1
0,0,2,30,0,224,0,0,0
0,0,2,24,0,191,0,0,0
0,0,2,28,0,0,38,359,0
2,0,2,42,0,4102,36,0,0
1,1,0,29,0,0,0,0,1
1,0,0,37,0,0,7,4098,0
1,1,2,64,0,0,173,0,1
0,1,2,24,0,0,0,0,1
0,0,0,23,0,42,0,765,0
0,0,2,22,0,686,16,7,1
2,0,2,23,0,176,169,0,0
0,0,2,21,0,3,253,475,0
0,0,2,37,0,661,0,3,0
2,0,2,17,0,250,2179,0,1
2,1,2,35,0,0,0,0,1
1,0,2,33,0,0,0,209,1
1,0,0,37,0,0,0,204,1
1,0,0,32,0,0,0,5492,0
2,0,0,31,0,22,173,1,0
1,0,2,28,0,0,0,1635,0
1,1,0,34,0,0,0,0,1
2,0,2,9,0,0,0,0,1
2,1,2,25,0,0,0,0,1
2,1,2,29,0,0,0,0,1
2,1,2,1,0,0,0,0,1
0,0,2,30,0,1,0,10,1
1,0,2,64,0,77,0,3001,0
1,0,2,31,0,0,217,625,0
1,0,2,27,0,267,0,54,1
1,0,2,28,0,0,0,6167,0
1,1,2,25,0,0,0,0,1
0,1,2,28,0,0,0,0,1
0,1,2,32,0,0,0,0,1
0,0,0,36,0,0,0,725,0
1,0,0,26,0,0,47,19,1
1,0,2,36,0,1,343,277,0
0,0,2,37,0,374,10,81,0
0,0,2,45,0,0,0,774,0
1,0,2,22,0,165,0,3044,0
1,0,0,24,0,25,0,6075,0
0,0,1,23,0,0,4,412,0
0,0,0,31,0,2,1,1026,1
1,0,2,37,0,1,0,0,0
0,0,2,28,0,5,0,1014,0
0,1,2,23,0,0,0,0,1
0,0,0,14,0,0,603,1,1
1,1,2,40,0,0,0,0,1
2,0,2,42,0,36,2554,0,1
0,0,2,53,0,19,85,768,0
0,1,2,46,0,0,0,0,0
2,0,2,28,0,0,2003,0,1
0,1,0,25,0,0,0,0,1
1,0,1,34,1,0,21,7,1
2,0,2,58,0,1246,66,36,0
1,0,2,31,0,0,1,1,1
1,1,0,24,0,0,0,0,1
1,0,2,52,0,0,111,51,1
1,1,0,25,0,0,0,0,1
1,1,2,17,0,0,0,0,1
0,0,2,27,0,0,137,1331,0
1,1,0,29,0,0,0,0,1
1,0,2,45,0,0,465,14,1
0,0,1,28,0,0,0,0,1
1,1,0,25,0,0,173,0,1
1,1,2,57,0,0,0,0,1
1,1,2,68,0,0,0,0,1
1,0,0,26,0,0,28,10941,0
1,0,2,52,0,2,0,2144,0
1,0,2,36,0,0,0,5270,0
0,0,1,41,0,454,0,2,0
0,0,2,14,0,514,392,0,0
0,1,1,16,0,0,0,0,1
2,0,2,24,0,672,501,0,0
1,0,2,62,1,0,0,1742,1
0,0,0,26,0,595,0,0,1
0,0,2,45,0,65,3,713,0
1,0,2,41,0,0,0,4030,0
0,0,2,36,0,224,0,0,1
0,0,0,13,0,8,1445,250,1
1,0,2,48,0,0,0,1,1
1,1,2,28,0,0,0,0,1
0,0,1,22,0,141,0,177,1
0,0,2,39,0,290,84,266,1
0,0,2,45,0,1399,0,0,0
0,0,2,42,0,84,0,1251,0
1,0,2,33,0,0,0,902,1
0,0,2,27,0,0,874,34,1
0,0,2,47,0,0,0,380,0
1,1,2,20,0,0,0,0,1
1,1,0,32,0,0,0,0,1
0,1,2,54,0,0,0,0,1
0,0,2,23,0,0,0,311,0
0,0,2,9,0,0,0,0,0
0,0,2,17,0,372,477,0,0
1,0,2,26,0,0,0,1821,0
1,0,2,38,0,0,0,0,0
0,0,2,24,0,703,0,0,0
0,0,2,30,0,77,5,117,1
0,1,0,2,0,0,0,0,0
0,1,2,4,0,0,0,0,1
0,1,2,9,0,0,0,0,0
0,0,2,30,0,0,3,3434,0
0,1,2,5,0,0,0,311,0
0,0,2,2,0,0,0,0,0
1,0,2,32,0,45,0,0,0
1,1,2,53,0,0,0,0,1
1,0,2,46,0,0,0,1,1
0,1,2,2,0,0,0,0,1
0,1,2,1,0,0,0,0,1
0,1,2,11,0,0,0,0,1
0,0,0,3,0,0,0,0,1
0,1,2,33,0,0,0,0,1
0,1,0,3,0,0,0,0,1
0,0,2,38,0,182,3,33,0
0,1,1,21,0,0,0,0,0
0,1,2,41,0,0,0,0,1
1,1,0,64,0,0,0,0,1
1,1,0,27,1,0,0,0,1
0,1,0,41,0,0,173,0,0
0,0,2,19,0,35,481,121,0
0,0,2,42,0,0,1677,65,1
1,0,0,30,0,0,0,544,0
0,0,2,38,0,183,0,110,0
1,0,2,63,0,0,1,1006,1
2,0,2,17,0,224,38,0,0
2,1,2,2,0,0,0,0,1
2,0,2,19,0,0,0,0,1
2,0,2,37,0,1144,34,0,0
2,0,2,50,0,225,796,107,1
0,0,2,38,0,0,615,0,1
1,0,2,28,1,0,0,1404,1
1,1,2,35,0,0,0,0,1
1,0,2,27,0,14327,0,1,0
0,0,2,15,0,0,0,749,0
1,0,2,29,1,0,0,2052,0
1,1,0,65,0,0,0,0,1
0,0,0,27,0,0,0,71,1
2,0,2,0,0,0,0,0,1
2,0,2,21,0,3148,1,0,0
2,1,2,19,0,0,0,0,1
2,1,2,39,0,0,0,0,1
0,0,0,60,0,0,0,0,0
1,0,0,30,0,818,2,2956,0
0,1,2,30,0,0,0,0,0
0,1,2,40,0,0,0,0,1
2,0,2,26,0,0,13,11,0
0,0,0,38,0,2614,103,0,0
2,0,2,22,0,130,2454,0,1
2,0,2,28,0,179,1805,131,0
2,0,2,65,0,1420,84,0,0
0,1,1,61,0,0,0,0,1
0,0,2,20,0,0,111,39,0
0,1,2,24,0,0,0,0,0
0,1,2,16,0,0,0,0,0
2,1,2,35,0,0,0,0,1
0,0,2,21,0,0,51,131,1
0,1,2,23,0,0,0,0,1
0,0,0,17,0,0,0,0,1
0,0,1,24,0,154,241,213,0
0,0,0,27,0,866,0,0,0
1,0,2,26,0,0,0,1777,1
1,0,0,26,0,0,0,4,1
1,0,2,20,0,0,0,1271,1
1,1,2,28,0,0,0,0,1
1,0,2,37,0,8,0,56,1
2,0,2,23,0,706,0,0,0
2,1,2,49,0,224,0,0,1
1,0,2,50,0,0,0,40,0
1,1,2,4,0,0,0,0,1
1,1,2,32,0,0,0,0,1
1,0,2,44,0,0,0,0,1
0,0,2,20,0,962,4581,105,1
2,0,2,30,0,531,35,200,0
2,0,2,29,0,574,4940,1831,0
0,0,2,22,0,37,0,305,1
2,1,2,35,0,0,0,0,1
2,0,0,0,0,0,0,0,1
2,0,2,6,0,0,0,0,1
1,0,2,38,0,0,0,13,1
1,0,2,34,0,0,2067,3,1
1,1,0,34,0,0,0,0,1
0,0,2,28,0,282,337,0,0
2,0,2,53,0,204,380,38,0
1,0,2,28,0,0,118,14,0
1,0,2,31,0,0,0,1795,0
2,0,1,56,0,233,1356,0,0
2,0,2,36,0,850,454,0,0
0,0,0,30,0,25,198,2,0
2,1,2,32,0,0,0,0,1
1,1,0,44,0,0,0,0,1
1,1,0,54,0,0,173,0,1
0,0,2,24,0,185,476,1810,0
0,0,2,44,0,248,0,0,0
0,0,2,25,0,0,23,693,0
2,1,2,35,0,0,0,0,1
2,0,2,29,0,298,888,5,1
0,0,2,22,0,0,121,0,1
0,1,2,22,0,0,0,0,1
0,0,0,22,0,0,2,8,1
0,1,1,18,0,0,0,0,1
0,0,0,22,0,256,0,0,0
0,0,2,52,0,935,0,0,1
2,1,2,0,0,0,0,0,1
2,1,2,1,0,0,0,0,1
2,0,2,34,0,2130,1,1,0
2,1,2,6,0,0,0,0,1
0,0,2,22,0,123,660,0,1
0,1,2,31,0,0,0,0,1
1,0,2,31,0,588,0,228,0
2,0,2,20,0,845,46,123,0
2,1,2,25,0,0,0,0,1
1,1,0,23,0,0,0,0,1
1,0,2,53,0,50,0,2998,0
1,0,0,32,0,0,0,3873,0
1,1,0,27,0,0,0,0,1
1,0,0,48,0,0,929,10887,0
1,0,2,37,0,223,0,1318,1
2,1,2,21,0,0,0,0,1
1,1,0,29,0,0,0,0,1
1,1,2,46,1,0,0,0,1
0,0,2,19,0,2,173,9,0
0,0,2,22,0,0,0,778,0
1,0,2,54,1,0,0,0,0
0,0,2,43,0,63,9,253,1
0,1,2,18,0,0,0,0,1
1,0,0,36,0,13,1,1439,0
1,0,2,20,0,0,3783,161,1
0,0,2,63,0,0,0,599,0
0,0,2,50,0,138,0,18,1
2,0,2,13,0,21,1564,0,1
2,1,2,43,0,0,0,0,1
0,1,1,16,0,0,0,0,1
2,1,2,31,0,0,0,0,1
2,1,2,0,0,0,0,311,1
2,1,2,10,0,0,0,0,1
0,1,2,10,0,224,0,0,0
0,0,2,55,0,1028,0,0,0
0,0,2,18,0,211,2,493,1
0,0,2,7,0,0,173,0,1
0,1,2,1,0,0,173,0,1
0,0,2,44,0,22,0,864,0
2,0,2,27,0,665,1,311,0
0,0,1,20,0,30,0,321,0
1,0,0,49,0,0,2,0,1
0,1,0,22,0,0,0,0,1
0,0,0,21,0,564,0,0,1
2,0,2,26,0,17,746,394,0
2,0,2,65,0,588,272,0,1
2,1,2,20,0,0,0,0,1
2,1,0,0,0,0,0,0,1
2,1,2,16,0,0,0,0,1
0,1,2,22,0,0,0,0,1
2,0,2,0,0,0,0,0,1
0,0,2,21,0,526,173,258,0
0,1,1,30,0,0,0,0,1
0,0,0,14,0,363,0,0,1
2,0,2,45,0,944,2,311,0
0,0,2,22,0,0,0,19,0
2,1,2,21,0,0,0,0,1
0,0,2,37,0,542,1,0,0
2,1,2,29,0,0,0,0,1
2,0,2,29,1,20,1902,0,1
0,0,2,21,0,0,559,19,1
0,0,2,52,0,1,3,0,0
0,1,2,36,0,0,173,0,1
1,1,0,59,0,0,0,0,1
1,0,2,21,0,12,0,1381,0
1,0,2,25,0,21,0,1966,0
2,0,2,23,0,2260,152,106,0
1,1,0,36,0,0,0,0,1
0,0,2,38,0,161,0,624,0
0,1,2,0,0,0,0,0,1
0,0,2,19,0,0,699,18,1
0,0,2,30,0,148,0,619,1
0,0,2,23,0,14,437,103,1
0,0,2,55,0,330,0,2,1
0,0,1,44,0,0,1,172,1
1,0,2,30,0,4531,10,157,0
0,0,2,39,0,12,0,4,1
0,0,0,19,0,423,0,0,0
0,0,2,24,0,0,17,0,0
1,0,2,37,0,1721,173,28,0
0,0,0,24,0,0,0,734,0
0,0,2,17,0,0,1875,142,1
0,0,2,17,0,0,0,13,1
0,0,0,14,0,8,173,0,0
0,0,1,13,0,0,0,0,0
1,0,0,35,0,0,0,0,1
2,0,2,32,0,654,655,0,1
2,1,2,18,0,0,0,0,1
0,0,2,21,0,529,89,21,1
2,0,2,25,0,750,109,368,0
2,0,2,36,0,108,941,861,0
0,0,2,20,0,362,31,12,0
0,0,0,22,0,126,0,1305,0
2,1,2,27,0,0,0,0,1
1,0,2,28,0,9,0,20,0
0,1,2,38,0,0,0,0,1
2,1,2,23,0,0,0,0,0
2,0,2,21,0,74,713,0,1
0,0,2,18,0,224,1770,1284,0
0,0,2,20,0,0,868,405,1
1,1,2,28,0,0,0,0,1
0,0,1,57,0,274,0,19,0
0,0,0,10,0,0,0,0,1
0,0,2,23,0,0,874,311,1
1,1,2,22,0,0,0,0,1
1,1,0,24,0,0,0,0,1
0,0,2,52,0,44,0,42,0
0,1,0,31,0,0,0,0,1
0,1,0,15,0,0,0,0,1
0,0,2,40,0,176,0,0,0
0,0,2,18,0,0,31,2121,0
0,0,2,28,0,647,32,71,1
0,1,2,40,0,0,0,0,1
0,0,1,32,0,8,3,5,1
0,0,1,35,0,0,2,672,0
0,0,2,52,0,0,1,2,0
0,0,2,34,0,695,276,0,0
0,1,2,46,0,0,0,0,0
0,0,0,23,0,62,0,1,0
0,0,2,44,0,2,0,788,0
0,0,0,59,0,460,0,1,0
1,0,2,42,0,0,0,2711,0
0,0,2,18,0,0,0,702,0
2,0,2,29,0,3284,0,0,0
2,1,2,15,0,0,0,0,1
2,0,2,19,0,1301,31,1,1
0,1,1,49,0,0,0,0,0
2,1,2,19,0,0,0,0,1
1,0,0,36,1,1,1,1679,1
0,1,0,59,0,0,0,0,1
0,1,0,24,0,0,0,0,1
2,1,2,4,0,0,0,0,1
2,1,2,20,0,0,0,0,1
2,0,2,24,0,261,780,0,1
2,0,0,31,0,725,747,0,0
2,0,2,23,0,197,5635,7,1
2,0,2,3,0,0,0,0,1
2,1,2,22,0,0,0,0,1
2,0,2,20,0,0,0,0,1
2,0,2,0,0,0,0,0,1
2,1,0,13,0,0,0,0,1
1,1,2,47,0,0,0,0,1
1,0,2,51,0,0,106,0,1
2,0,2,22,0,223,630,14,1
2,1,0,3,0,0,0,0,1
2,0,2,4,0,0,0,0,1
0,0,2,16,0,2083,10,0,0
2,0,2,24,0,623,501,304,0
2,1,2,1,0,0,0,0,1
0,0,2,31,0,210,0,1027,0
0,0,2,34,0,1242,0,22,0
0,0,0,20,0,0,847,0,1
0,0,2,19,0,0,0,0,1
0,1,2,19,0,0,0,0,1
2,0,2,35,0,988,830,2,0
0,1,2,3,0,0,0,0,1
0,1,2,36,0,0,0,0,1
2,1,2,20,0,0,0,0,1
1,0,0,28,0,269,2,2,1
1,0,0,58,0,0,0,737,0
1,0,2,56,0,153,0,334,0
0,1,1,27,0,0,0,0,1
0,1,2,25,0,0,0,0,0
0,1,1,39,0,0,0,0,0
2,0,2,43,0,11,1297,38,1
2,1,2,42,0,0,0,0,1
0,0,2,24,0,3,687,50,1
0,1,2,19,0,0,0,0,1
0,0,2,32,0,0,0,474,0
2,0,2,32,0,1016,307,5,1
0,1,2,61,0,0,0,0,1
2,0,2,64,0,2147,191,59,0
0,0,2,21,0,457,1134,0,0
0,0,1,26,0,0,0,0,0
1,0,0,35,0,87,2750,0,1
0,0,2,43,0,957,1,0,0
0,1,0,3,0,0,0,0,1
1,0,2,56,0,0,0,9319,0
1,1,0,45,0,0,0,0,1
0,1,1,25,0,0,0,0,1
0,0,2,12,0,0,0,0,1
0,1,1,2,0,0,0,0,1
0,0,2,46,0,0,834,0,1
0,0,2,32,0,2756,9,0,0
0,0,2,20,0,0,287,0,0
0,1,1,24,0,0,0,0,0
0,0,2,28,0,0,0,882,0
0,0,2,12,0,0,0,0,0
0,0,2,11,0,0,0,0,0
0,0,2,16,0,0,0,0,1
0,0,1,29,0,0,0,0,1
0,0,2,24,0,530,0,0,0
0,0,2,22,0,61,214,445,1
0,0,2,21,0,36,0,588,1
0,0,2,38,0,0,0,786,0
1,1,2,35,0,0,0,0,0
0,0,2,79,0,610,0,200,0
0,0,1,22,0,479,0,29,0
0,0,0,42,0,642,0,0,1
2,1,2,34,0,0,0,0,1
1,1,2,52,0,0,0,0,1
0,1,2,43,0,0,0,0,1
0,0,2,30,0,1120,0,0,0
0,1,2,35,0,0,0,0,1
0,1,2,18,0,0,0,0,0
1,1,2,27,0,0,0,0,1
0,0,2,46,0,819,0,49,0
1,1,2,15,0,0,0,0,1
1,1,0,44,0,0,0,0,1
1,0,2,20,0,0,0,5,0
2,0,2,35,0,1337,57,0,0
2,1,2,19,0,0,0,0,1
2,1,2,47,0,0,0,0,1
2,0,2,26,1,1033,26,0,0
0,1,0,24,0,0,0,0,1
0,0,2,23,0,0,2102,0,1
0,0,2,26,0,1331,973,484,0
2,1,2,5,0,0,0,0,1
1,0,0,35,0,54,12,6691,0
2,0,2,18,0,1092,309,0,0
2,1,2,32,0,0,0,0,1
0,1,2,13,0,0,0,0,1
0,0,2,15,0,0,19,352,0
0,0,1,18,0,648,0,0,1
1,0,2,41,0,4,0,251,1
0,0,0,36,0,0,0,474,0
0,0,2,33,0,1042,0,9,0
0,0,0,41,0,4,0,51,0
1,0,0,47,0,1904,0,89,0
1,1,2,32,0,0,0,0,1
0,0,2,36,0,0,8,0,0
0,1,2,13,0,0,0,0,1
0,1,1,34,0,0,0,0,0
0,0,2,24,0,5,7,0,0
2,0,2,16,0,1285,14,1386,0
2,1,2,12,0,0,0,0,1
2,0,2,24,0,1157,0,131,1
2,0,2,35,0,1307,0,2,0
1,0,2,26,0,0,10424,1373,0
1,0,0,39,0,10,0,6216,0
0,0,2,18,0,8,4,419,1
0,0,2,23,0,0,142,0,0
0,1,1,29,0,0,0,0,1
0,0,2,38,0,0,0,0,1
0,0,2,31,0,433,238,86,0
2,0,2,49,0,1176,20,103,0
2,1,2,17,0,0,0,0,1
2,0,0,23,0,228,912,3,1
0,1,0,15,0,0,0,0,1
2,1,2,11,0,224,0,0,1
2,0,1,30,1,600,1,659,0
2,1,2,42,0,0,0,0,1
0,0,0,21,0,639,0,0,0
1,1,0,41,0,0,0,0,1
1,1,2,14,0,0,0,0,1
1,0,0,27,0,0,0,20,0
1,0,0,29,1,530,0,311,0
1,1,2,25,0,0,173,0,1
1,0,2,54,0,0,0,56,1
0,0,2,46,0,971,20,0,0
0,0,2,18,0,224,16,0,1
1,0,0,22,0,1961,0,3025,0
1,1,0,29,0,0,0,0,1
1,0,0,26,0,606,0,2011,0
0,0,0,36,0,0,0,344,1
0,0,2,19,0,0,0,0,1
0,0,1,56,0,1309,69,1,0
0,0,2,20,0,542,0,5,1
0,0,2,10,0,0,0,0,0
0,1,1,14,0,0,0,0,0
2,1,0,27,0,0,0,0,1
2,0,2,35,0,4608,926,382,0
0,0,2,13,0,0,60,1,0
0,0,2,21,0,1,143,558,0
0,1,2,22,0,0,0,0,0
1,1,2,29,0,0,0,0,0
1,0,2,32,0,8151,1919,7352,0
0,0,2,20,0,0,455,95,1
2,0,2,44,0,2575,20,0,0
0,0,0,22,0,0,0,1600,1
1,0,2,39,0,3926,0,1483,0
1,0,2,19,0,0,0,0,1
0,0,2,0,0,0,0,0,0
0,1,2,0,0,0,0,0,0
0,0,1,12,0,0,0,0,1
0,1,2,7,0,0,0,0,0
0,0,1,32,0,793,0,0,0
0,0,2,11,0,0,0,0,1
0,0,0,18,0,1471,95,1109,0
1,0,0,49,1,9,0,3,0
2,1,2,61,0,0,0,0,1
0,1,0,7,0,0,0,0,1
0,0,2,25,0,0,671,0,1
0,0,0,51,0,6,706,0,1
1,1,2,56,0,0,0,0,1
0,0,2,31,0,25,0,16,1
0,1,1,16,0,0,0,0,1
0,1,2,29,0,0,0,0,1
0,1,1,17,0,224,0,0,1
0,0,1,47,0,83,0,654,1
1,0,2,25,0,0,0,763,0
1,0,2,28,0,29,0,712,0
1,0,2,32,0,0,0,1984,0
1,1,0,56,0,0,0,0,1
1,1,0,25,0,0,0,0,1
1,1,2,13,0,0,0,0,1
1,1,2,41,0,0,0,0,1
1,1,0,28,0,0,0,0,1
2,1,2,25,0,0,0,0,1
2,1,2,11,0,0,0,0,1
2,0,2,20,0,0,0,0,0
0,0,2,24,0,0,321,0,1
0,0,2,41,0,256,0,340,0
0,0,0,29,0,0,22,738,0
1,1,0,59,0,0,0,0,1
0,0,2,31,0,0,0,0,1
0,0,2,16,0,43,0,1893,0
2,0,2,65,0,56,1081,21,0
2,0,2,21,0,0,2832,0,1
0,1,2,27,0,0,0,0,1
0,1,2,37,0,0,0,0,1
0,0,2,42,0,5049,0,0,0
0,0,0,36,0,0,846,0,1
0,1,1,24,0,0,0,0,0
0,1,1,28,0,0,0,0,1
0,0,0,19,0,107,505,48,0
0,0,2,26,0,0,13,10,0
0,1,0,19,0,0,0,0,1
0,0,2,26,0,1528,0,0,0
0,0,2,35,0,0,51,0,0
0,0,0,24,0,0,0,704,0
0,0,2,9,0,0,0,0,1
1,0,0,40,0,0,0,322,1
0,1,1,23,0,0,0,0,1
2,0,2,4,0,0,0,0,1
2,0,2,20,0,859,0,939,0
2,1,2,21,0,0,0,0,1
2,0,2,4,0,0,0,0,1
0,1,2,19,0,0,0,0,1
0,1,2,18,0,0,0,0,1
0,0,0,26,0,7,0,38,1
0,0,2,13,0,0,54,20,0
0,1,2,16,0,0,0,0,1
2,1,2,14,0,0,0,0,1
1,0,2,40,0,0,10,2787,0
2,0,2,34,1,38,606,0,0
1,1,0,21,0,0,0,0,1
1,0,2,29,0,0,227,1,1
0,0,2,40,0,814,2,311,1
0,0,2,16,0,0,0,311,0
0,0,2,37,0,732,173,156,0
2,1,0,41,0,0,0,0,1
2,1,0,16,0,0,0,0,1
2,0,0,39,0,98,125,0,0
0,1,2,30,0,0,0,0,1
0,0,2,40,0,151,713,0,1
0,0,2,63,0,0,94,0,1
2,0,2,32,0,382,477,22,1
0,0,2,47,0,1,0,1069,0
0,0,0,23,0,0,392,9,0
0,0,2,23,0,0,0,190,0
2,1,2,19,0,0,0,0,1
1,1,0,44,0,0,0,0,1
1,0,2,29,0,6,0,6235,0
0,0,2,21,0,582,0,148,0
0,0,2,23,0,576,0,0,0
1,0,2,26,1,0,0,0,1
1,1,0,47,0,0,0,0,1
0,1,1,20,0,0,0,311,1
1,0,2,48,0,0,0,0,1
0,1,2,4,0,0,0,0,1
0,0,2,25,0,322,81,3,1
0,0,2,0,0,0,0,0,1
2,0,2,29,0,523,21,4,0
0,0,2,21,0,41,2,29,0
0,0,2,20,0,949,0,5,0
0,0,2,34,0,0,0,611,0
0,1,2,9,0,0,0,0,1
0,1,2,12,0,0,0,0,0
0,0,2,13,0,0,0,0,0
2,1,2,27,0,0,0,0,1
1,0,2,34,0,0,0,2433,1
1,1,2,18,0,0,0,0,1
1,1,0,16,0,0,0,0,1
0,1,2,43,0,0,0,0,1
0,1,2,0,0,0,0,0,0
0,0,2,20,0,0,761,22,1
2,0,2,45,0,878,430,0,0
1,0,2,35,0,0,3415,311,0
0,0,2,21,0,1961,0,54,0
0,1,2,14,0,0,0,0,1
0,0,1,46,0,0,173,0,0
0,0,2,22,0,261,0,107,0
0,0,2,2,0,0,0,0,1
0,0,2,3,0,0,0,0,1
0,1,0,28,0,0,0,0,1
0,0,1,60,0,0,789,283,0
0,0,1,48,0,0,72,554,0
0,0,0,18,0,51,1,0,1
0,0,2,31,0,1364,0,0,0
1,1,0,26,0,0,0,0,1
1,0,0,41,0,717,2,1559,0
0,0,2,26,0,168,382,166,1
0,0,2,29,0,0,693,0,1
0,0,2,24,0,666,1,0,0
0,0,2,25,0,10,908,5,1
0,0,0,0,0,0,0,0,0
0,1,2,30,0,0,0,0,0
1,1,0,18,0,0,0,0,1
1,1,0,32,0,0,0,0,1
0,0,2,28,0,0,0,525,0
2,0,2,21,0,2206,353,0,0
0,0,2,25,0,0,8,153,0
2,0,0,47,0,275,173,24,1
2,1,1,28,0,0,0,0,1
2,1,2,8,0,0,0,0,1
0,0,2,24,0,0,56,564,0
2,1,2,30,0,0,0,0,1
0,1,1,24,0,0,0,0,1
0,1,2,13,0,0,0,0,1
0,0,2,16,0,0,19,971,0
2,0,2,23,0,263,1548,44,1
2,0,2,16,0,271,2251,117,1
0,0,2,29,0,30,605,267,0
0,0,2,46,0,1,898,0,1
0,1,1,13,0,0,0,0,0
0,1,2,22,0,0,0,0,1
0,1,2,29,0,0,0,0,1
0,1,2,46,0,0,0,0,1
0,0,2,24,0,1231,0,1,1
0,1,2,33,0,0,0,0,1
2,0,2,38,0,218,586,770,0
0,1,2,57,0,0,0,0,1
0,0,2,28,0,0,643,47,1
0,0,2,38,0,6,0,0,1
0,0,2,28,0,607,0,227,1
2,0,2,25,0,922,1,91,0
2,1,2,22,0,0,0,0,1
2,0,2,33,0,705,1905,13,1
0,0,2,35,0,202,60,0,1
0,0,2,24,0,290,413,35,1
1,1,2,31,0,0,0,0,1
1,1,2,16,0,0,0,0,1
1,1,2,28,0,0,0,0,1
1,0,0,8,0,0,0,0,1
2,1,2,20,0,0,0,0,1
2,0,2,26,0,41,444,572,0
1,0,0,43,0,0,0,2393,0
1,0,2,70,0,241,0,2290,1
0,1,0,17,0,0,0,0,1
0,1,2,14,0,0,0,0,1
0,1,2,21,0,0,0,0,1
0,0,0,37,0,0,163,0,1
0,0,2,15,0,0,0,0,0
1,0,0,20,0,0,0,1866,0
1,0,0,36,1,13,3,0,0
0,0,2,14,0,0,173,0,1
0,0,2,21,0,38,591,1,1
0,0,2,28,0,89,571,258,0
2,1,2,20,0,0,0,0,1
0,0,2,26,0,0,827,1,0
0,0,2,25,0,662,0,79,0
0,0,2,29,0,0,0,594,0
1,0,0,39,1,0,0,5,1
0,0,2,18,0,0,0,87,1
1,1,0,37,0,0,0,0,1
0,0,2,28,0,467,0,0,0
0,0,2,18,0,0,2728,0,1
0,0,2,30,0,0,621,311,0
0,0,2,35,0,35,14,0,1
0,0,2,26,0,0,0,0,1
0,1,0,0,0,0,0,0,1
0,0,1,42,0,0,0,214,1
0,0,2,36,0,1,3,0,1
0,0,2,31,0,1177,0,311,0
0,0,0,27,0,3905,0,4,0
1,0,2,25,0,0,0,175,1
0,1,2,32,0,0,0,0,1
0,1,2,14,0,0,0,0,1
0,1,2,16,0,0,0,0,1
0,1,0,51,0,0,0,0,1
1,1,2,21,0,0,0,0,1
1,1,0,31,0,0,0,0,1
0,0,2,9,0,0,0,0,0
0,0,2,7,0,0,0,0,1
0,0,2,3,0,0,0,0,1
0,1,2,2,0,0,0,0,1
0,0,0,7,0,0,0,0,0
2,0,2,18,0,1744,8,8,0
2,1,2,33,0,0,0,0,1
0,0,2,23,0,0,0,6,1
1,1,2,13,0,224,0,0,1
2,0,2,32,0,4702,449,190,0
1,1,2,27,0,0,0,0,1
0,0,2,23,0,0,0,61,1
1,0,2,25,0,0,0,0,1
0,0,2,18,0,454,0,324,0
2,1,0,23,0,0,0,0,1
1,1,0,31,0,0,0,0,1
1,0,2,32,0,0,0,94,0
2,1,2,22,0,0,0,311,1
2,1,2,38,0,0,0,311,1
0,0,1,21,0,751,0,1,1
2,1,2,28,0,0,0,0,1
1,0,2,38,0,0,0,0,0
0,0,2,20,0,0,708,101,1
0,0,2,23,0,0,292,0,0
0,0,2,48,0,456,39,0,1
0,1,0,15,0,0,0,0,1
0,0,2,30,0,0,39,0,1
2,0,2,40,0,286,2299,12,1
0,0,2,36,0,0,33,677,0
0,1,2,20,0,0,0,0,1
2,0,2,17,0,13,565,367,0
1,0,0,38,0,0,0,434,0
1,1,0,38,0,0,0,0,1
2,0,2,14,0,809,59,0,0
2,0,2,28,0,134,6,1450,0
0,0,2,21,0,37,31,696,1
1,0,2,18,0,0,0,287,0
2,0,2,26,0,164,853,0,1
1,0,2,35,0,25,0,3198,0
2,0,0,46,0,1082,1177,0,0
1,1,0,13,0,0,0,0,1
1,0,2,39,0,43,144,0,1
2,0,1,49,0,1690,85,0,0
2,0,2,28,0,0,0,0,0
0,0,2,27,0,0,0,101,1
0,1,2,21,0,0,173,0,1
0,0,2,29,0,0,0,4517,0
0,0,2,27,0,0,225,14,0
2,1,2,38,0,0,0,0,1
0,0,1,18,0,0,0,150,1
1,1,0,35,0,0,0,0,1
2,1,2,37,0,0,0,0,1
0,0,2,60,0,943,0,0,0
1,1,2,31,0,0,0,0,1
1,1,2,4,0,0,0,0,1
0,0,2,34,0,0,0,102,1
1,0,0,46,0,0,0,1010,1
0,0,2,18,0,0,55,2288,0
2,0,2,38,0,224,363,7,0
0,0,2,29,0,0,942,2,1
1,1,2,13,0,0,0,0,1
1,1,2,26,0,0,0,0,1
1,0,2,30,0,0,0,1202,0
0,0,2,42,0,0,8,3409,0
2,0,2,36,0,386,756,6,0
0,0,0,23,0,253,1175,3,0
1,0,2,34,1,0,0,1332,1
1,0,2,26,0,0,0,62,1
2,0,2,31,0,2048,1040,136,0
2,0,2,48,0,581,1,158,0
0,1,2,10,0,0,0,311,1
2,0,2,27,0,2,1320,0,1
2,0,2,32,0,2497,101,0,0
0,1,2,24,0,0,0,0,1
0,1,1,20,0,0,0,0,1
0,0,2,48,0,83,0,690,1
2,0,2,35,1,628,528,136,0
2,0,2,14,0,246,2153,0,1
2,0,2,28,0,4,2574,0,1
2,0,2,28,0,743,8,0,0
2,1,2,42,0,0,0,0,1
2,1,2,8,0,0,0,0,1
2,1,0,30,0,0,0,0,1
0,0,2,44,0,0,5,30,0
2,0,2,40,0,1269,75,0,0
0,0,2,38,0,766,0,0,0
0,0,1,22,0,2,0,483,0
2,0,2,32,0,1781,654,580,0
2,0,2,16,0,2116,350,0,0
2,0,2,33,0,748,1047,458,0
1,0,2,38,0,20,153,280,0
0,0,2,23,0,0,0,2,1
0,0,2,16,0,3,0,9,1
0,0,1,16,0,481,166,0,0
0,0,2,11,0,0,0,0,0
0,0,2,22,0,0,0,0,0
0,0,2,43,0,0,0,0,0
0,1,1,20,0,0,0,0,1
0,0,2,22,0,0,8,0,0
2,0,2,0,0,0,0,0,1
2,0,2,30,0,138,208,952,0
2,1,2,18,0,0,0,0,1
2,0,0,0,0,0,173,0,1
2,0,2,41,0,164,1115,1,0
0,0,2,39,0,0,0,1,1
0,0,2,37,0,389,1,3369,0
1,1,0,26,0,0,0,311,1
2,0,2,49,0,552,7,0,0
2,0,2,28,0,142,1878,62,1
2,0,1,13,0,358,599,676,0
0,0,2,64,0,469,2,1,0
0,0,1,24,0,1,11,0,0
0,1,2,18,0,0,0,0,1
2,0,2,18,0,3458,216,0,0
2,0,2,25,0,948,1,170,0
0,1,2,19,0,0,0,0,0
0,0,0,33,0,2,0,311,1
0,1,2,28,0,0,0,0,1
2,0,2,50,0,846,280,280,0
0,0,2,30,0,0,0,2,0
2,0,2,44,0,1267,0,3,1
0,1,1,52,0,0,0,0,0
0,1,2,7,0,0,0,0,1
0,0,0,30,0,0,18,639,0
0,0,2,27,0,1109,0,0,0
1,1,0,24,0,0,0,0,1
0,0,0,13,0,4,1,0,0
0,0,2,61,0,0,813,3,0
0,1,2,32,0,0,173,0,1
2,1,0,17,0,0,0,0,1
2,0,2,36,0,0,0,0,1
0,1,1,16,0,0,0,0,1
0,0,1,21,0,0,0,0,1
1,0,2,24,0,0,0,0,1
0,0,0,28,0,0,0,1114,0
2,0,2,28,0,848,2,0,0
2,0,0,13,0,9920,180,130,0
0,0,2,39,0,0,0,739,0
0,0,2,24,0,0,980,7,0
1,0,2,38,0,0,0,1545,0
2,0,2,20,0,489,663,214,0
0,0,2,21,0,724,0,0,1
2,0,2,27,0,1,2196,372,0
0,0,2,49,0,226,2,1580,0
2,1,2,6,0,0,0,0,1
1,1,0,41,0,0,0,0,1
1,0,0,33,1,0,1089,5700,0
1,0,2,6,0,0,0,0,1
1,0,0,35,0,0,0,324,0
1,0,2,46,0,0,173,243,0
0,0,2,31,0,2703,0,0,0
1,1,2,32,0,0,0,0,1
1,1,0,31,0,224,0,0,1
0,1,2,20,0,224,0,0,0
0,0,2,57,0,685,0,0,0
0,0,1,37,0,0,559,11,1
0,1,2,21,0,0,173,0,1
0,0,2,43,0,0,1,311,0
0,0,2,49,0,1020,2,2,1
0,0,2,17,0,0,166,570,1
2,0,2,29,0,518,10,1245,0
0,1,0,36,0,0,0,0,1
1,0,2,37,0,31,0,904,0
0,0,1,17,0,2,0,0,0
2,1,0,45,0,0,0,0,1
0,0,2,20,0,0,82,14,0
2,1,2,24,0,0,0,0,1
1,1,2,28,0,0,0,0,1
1,0,2,15,0,0,6805,0,1
1,0,2,53,0,0,0,5047,0
1,1,2,51,0,0,0,0,1
0,1,2,14,0,0,0,0,1
0,1,2,1,0,0,0,0,0
2,0,2,26,0,665,173,1478,0
0,0,2,20,0,0,499,285,0
0,0,2,23,0,0,59,720,0
0,0,2,22,0,658,0,161,1
0,1,0,22,0,0,0,0,1
1,1,2,13,0,0,0,0,1
1,0,2,28,0,0,0,0,1
0,1,2,40,0,0,0,0,1
2,0,0,21,0,4027,47,83,0
0,0,2,35,0,702,5,76,1
0,0,2,22,0,142,0,0,0
1,1,2,37,0,0,0,0,1
2,0,2,21,0,0,0,0,0
0,0,2,50,0,0,0,620,0
0,0,2,27,0,0,800,0,1
0,1,2,20,0,0,0,0,1
0,1,2,15,0,0,0,0,1
0,0,1,25,0,39,169,20,0
1,0,0,31,0,0,0,301,0
1,0,0,28,0,0,1044,699,1
0,1,2,18,0,0,0,0,1
0,1,1,2,0,224,0,0,1
0,0,2,27,0,0,0,814,1
0,0,2,0,0,0,0,0,1
0,0,2,22,0,758,46,0,0
2,0,2,28,0,0,0,0,0
0,0,2,56,0,0,778,0,1
0,0,2,28,0,0,0,676,0
0,0,0,42,0,31,0,635,1
0,0,2,20,0,0,0,703,1
0,0,2,27,0,508,9,311,1
0,0,1,29,0,0,20,0,0
0,0,0,36,0,85,545,15,1
0,0,2,23,0,0,4,145,0
0,1,2,64,0,0,0,0,1
0,0,2,19,0,1,173,0,0
0,1,0,1,0,0,0,0,0
0,1,2,49,0,224,0,0,0
0,1,0,0,0,0,0,0,1
0,0,2,18,0,0,35,0,0
1,0,0,39,0,5645,0,1,0
2,0,2,37,0,10,868,115,0
2,1,2,44,0,0,0,0,1
2,0,1,43,0,817,617,0,0
2,1,2,33,0,0,0,0,1
0,0,2,20,0,41,0,43,1
0,0,2,0,0,0,0,0,1
0,0,0,4,0,0,0,0,1
2,1,2,20,0,0,0,0,1
2,0,2,50,0,690,30,762,0
2,1,2,47,0,0,0,0,1
2,1,2,17,0,0,0,0,1
1,0,2,26,0,0,0,232,0
0,0,2,21,0,39,0,311,1
2,1,2,20,0,0,0,0,1
1,1,2,26,0,0,0,0,1
2,0,2,28,1,1565,0,0,0
0,0,1,34,0,0,693,3,1
0,1,2,11,0,0,0,0,1
0,1,2,0,0,0,0,0,1
1,0,0,28,0,550,0,2244,0
0,0,2,33,0,127,9,0,1
0,1,2,22,0,0,0,0,1
2,0,2,28,0,0,0,0,0
2,1,2,11,0,0,0,0,1
2,0,2,60,0,51,754,1412,0
0,0,2,43,0,1,213,7,1
0,0,2,27,0,0,667,897,0
0,1,2,37,0,0,0,0,1
0,1,0,23,0,0,0,0,1
2,0,2,57,0,1696,1006,0,0
1,1,2,29,0,0,0,0,1
1,0,2,28,0,0,0,214,0
1,0,2,42,0,0,2929,352,0
1,0,2,43,0,7,2473,443,0
1,1,2,26,0,0,0,0,1
1,0,0,72,0,2445,0,704,0
1,0,2,49,0,0,298,289,0
1,1,0,29,1,0,0,0,1
0,1,2,18,0,0,0,0,0
0,0,0,26,0,0,0,0,1
2,1,0,19,0,0,0,0,1
0,0,0,18,0,749,74,0,0
0,0,0,14,0,714,0,587,0
2,0,2,44,0,583,222,0,0
2,1,2,34,0,0,0,0,1
0,1,0,18,0,0,0,0,1
0,1,1,36,0,0,0,0,1
1,1,0,27,0,0,0,0,1
0,0,2,35,0,753,1,348,0
1,0,2,52,0,5,31,601,1
0,0,1,22,0,688,80,0,0
0,0,2,34,0,245,542,0,1
0,0,1,37,0,0,6,746,0
0,0,0,22,0,654,83,0,0
0,0,2,26,0,0,0,11,1
0,0,0,14,0,590,0,0,0
2,1,0,53,0,0,0,0,1
0,0,2,17,0,0,0,1168,0
0,0,2,30,0,0,0,870,0
1,0,2,65,0,0,302,103,0
0,0,2,19,0,0,500,2,1
1,0,0,36,0,380,0,295,0
0,1,2,3,0,0,0,0,1
0,0,2,6,0,0,0,0,1
0,0,0,4,0,0,0,0,1
0,0,2,21,0,958,82,0,1
0,1,0,8,0,0,0,0,1
1,1,2,35,0,0,0,0,1
1,0,0,18,0,0,0,436,1
0,0,2,34,0,170,0,3926,0
1,1,0,45,0,0,0,0,1
1,0,2,31,0,0,7,104,1
0,0,2,14,0,30,115,0,1
0,0,2,23,0,765,0,0,0
1,1,2,61,0,0,0,0,1
1,0,0,54,1,0,0,4549,0
1,1,2,28,0,0,0,0,1
1,0,2,46,0,0,0,1,0
0,0,2,32,0,125,0,180,1
0,1,0,49,0,0,0,0,1
0,1,0,20,0,0,0,0,1
0,0,1,25,0,458,0,239,1
0,0,2,19,0,0,0,0,1
0,1,0,28,0,0,0,0,1
0,0,2,68,0,0,970,0,1
0,1,2,16,0,0,0,0,1
2,1,2,19,0,0,0,0,0
2,0,1,49,0,0,0,0,0
2,0,2,15,0,890,0,1250,0
2,1,2,26,0,0,0,0,1
2,0,2,22,0,804,378,0,0
0,1,1,23,0,0,0,0,1
0,0,2,31,0,0,0,0,0
0,1,2,27,0,0,0,0,0
0,1,2,28,0,0,0,0,1
0,0,2,20,0,47,0,0,0
0,0,2,43,0,1,0,0,0
0,0,2,22,0,19,0,0,1
1,1,2,27,0,0,0,0,1
1,1,2,35,0,0,0,0,1
1,1,0,37,0,0,0,0,1
2,0,2,24,0,158,1594,1,1
2,0,0,18,0,2803,17,0,0
2,0,2,15,0,643,45,0,0
2,0,2,28,0,1909,0,0,0
0,0,2,24,0,0,2134,0,1
2,1,0,39,0,0,0,0,1
1,1,2,35,0,0,0,0,1
1,0,0,52,0,0,31,0,1
1,0,2,48,0,0,0,2851,0
1,0,0,27,0,332,0,5,0
1,0,0,50,0,0,0,240,0
0,0,2,24,0,56,285,1453,0
0,0,1,26,0,807,0,0,1
0,0,2,24,0,215,0,0,0
0,1,2,15,0,0,0,0,0
0,0,1,42,0,1188,3,3,0
0,0,2,51,0,0,0,0,0
0,0,1,43,0,635,0,3,1
0,1,0,31,0,0,0,0,0
0,1,2,14,0,0,0,0,1
0,0,2,31,0,13,0,679,0
1,0,2,33,0,0,5,63,1
0,0,0,21,0,0,0,3867,0
0,0,2,13,0,56,15,0,0
0,0,2,29,0,286,173,0,1
1,0,2,22,0,0,0,10247,0
2,0,2,22,0,1035,264,0,0
0,1,1,18,0,0,0,0,1
0,1,0,35,0,0,0,0,1
0,1,2,20,0,0,0,0,1
0,0,2,18,0,0,1609,0,1
0,1,2,66,0,0,0,0,1
0,1,2,33,0,0,0,0,1
1,1,0,48,0,0,0,0,1
1,0,0,38,0,0,48,278,0
1,1,2,62,0,0,0,0,1
0,1,2,19,0,0,0,0,0
2,0,0,44,0,2267,107,0,0
2,0,0,25,0,1410,26,9,0
0,0,2,15,0,348,0,0,0
0,0,2,20,0,12,1110,0,1
0,0,2,34,0,233,0,1054,0
2,0,2,23,0,821,863,664,0
0,0,2,45,0,0,2332,84,1
0,1,2,39,0,0,0,0,1
0,1,1,33,0,0,0,0,1
0,0,2,14,0,0,325,247,0
0,0,2,26,0,178,3,0,1
0,1,2,47,0,0,0,0,1
2,1,2,28,0,0,0,0,1
0,1,0,28,0,0,0,0,1
0,1,2,22,0,0,173,0,1
0,1,2,17,0,0,0,0,1
0,0,2,16,0,0,725,0,1
0,0,2,9,0,0,0,0,1
0,0,2,15,0,0,973,29,1
1,0,2,33,0,0,0,4103,1
0,0,2,61,0,0,1080,0,1
0,0,2,19,0,224,0,692,0
1,1,2,61,0,0,0,0,1
0,0,2,42,0,0,317,434,1
0,0,2,4,0,0,0,0,0
0,0,2,12,0,0,0,0,1
0,0,2,0,0,0,0,0,1
0,1,2,19,0,0,0,0,1
0,1,2,28,0,0,0,0,1
0,0,1,29,0,0,0,0,1
0,0,2,59,0,0,0,144,1
0,1,2,20,0,0,0,0,1
0,0,2,70,0,390,0,0,1
0,1,2,3,0,0,0,0,0
1,1,2,37,0,0,0,0,1
1,0,2,58,0,0,598,7,0
0,0,2,44,0,69,17,176,0
2,1,2,24,0,0,0,0,0
0,1,1,20,0,0,0,0,1
0,0,2,24,0,156,364,489,1
1,1,0,27,0,0,173,0,1
0,0,0,28,0,0,0,711,0
0,0,2,24,0,0,0,77,0
2,1,2,29,0,0,0,0,1
0,0,2,25,0,2029,0,0,0
0,0,2,20,0,0,53,2,0
0,0,0,34,0,0,6,5,1
0,0,2,28,0,0,0,1191,0
0,1,2,28,0,0,0,0,1
0,0,2,23,0,1,1,0,0
1,0,2,39,0,0,13,39,1
1,0,2,35,0,0,0,353,1
0,1,2,18,0,0,0,0,1
0,1,2,20,0,0,0,0,1
1,0,2,42,0,0,0,144,0
1,0,0,32,0,70,724,547,0
0,0,0,50,0,57,0,0,0
0,0,2,23,0,0,859,9,1
0,0,2,19,0,0,0,5381,0
0,0,2,29,0,715,0,0,0
1,0,2,35,1,247,459,1,0
0,0,2,18,0,0,0,0,0
0,0,1,24,0,160,39,552,0
0,0,2,23,0,88,586,0,1
0,0,2,51,0,542,360,0,0
0,0,2,42,0,439,0,0,0
0,0,1,19,0,5,0,716,0
0,0,2,23,0,0,0,0,0
0,1,2,19,0,0,0,311,1
0,0,1,22,0,158,476,0,0
0,0,2,25,0,12,2817,342,0
0,0,1,31,0,11,0,1912,0
0,0,2,23,0,0,0,558,0
0,1,2,22,0,0,0,0,1
1,1,2,55,0,0,0,0,1
0,0,2,40,0,0,56,1,0
0,0,2,24,0,224,0,838,0
0,0,2,25,0,0,1037,8,1
1,0,2,42,0,0,0,570,0
0,1,1,33,0,0,0,0,1
1,1,2,54,0,0,0,0,1
1,1,0,22,0,0,0,0,1
1,1,2,22,0,0,0,0,1
1,1,0,19,0,0,0,0,1
0,0,2,47,0,0,0,4,1
2,0,0,23,0,610,75,1358,0
1,1,0,61,0,0,0,0,1
0,0,2,21,0,0,209,4,0
0,0,1,46,0,559,173,22,0
0,0,2,36,0,0,0,0,0
0,0,2,15,0,0,0,311,1
1,0,2,33,0,2233,173,23,1
1,1,2,35,0,0,0,0,1
1,1,0,21,0,0,0,0,1
0,0,0,21,0,0,0,1,0
0,0,0,43,0,0,0,223,1
0,0,1,34,0,571,0,0,0
0,0,1,47,0,14,0,1720,0
2,0,2,27,0,850,681,1,1
1,0,2,46,0,0,945,2587,0
0,0,2,46,0,183,637,182,1
1,0,0,40,0,0,0,6344,0
1,1,0,59,0,0,0,0,1
1,0,2,45,0,0,149,1472,0
0,0,1,19,0,0,595,0,1
2,0,2,32,0,6769,173,113,0
0,1,0,39,0,0,0,0,1
0,0,2,40,0,661,830,0,0
2,0,2,44,0,815,22,0,1
0,1,2,26,0,0,0,0,0
0,0,2,22,0,514,2,129,0
0,0,2,2,0,0,0,0,0
0,0,2,18,0,0,41,359,0
0,0,2,53,0,751,173,7,0
0,0,2,22,0,104,254,425,0
0,0,2,46,0,0,2077,0,1
0,1,2,28,0,0,0,0,1
0,0,2,31,0,0,68,6,1
1,0,0,36,0,1,95,0,0
1,0,0,46,0,35,0,2108,1
0,1,2,0,0,0,0,0,1
0,0,2,3,0,0,0,0,1
0,1,2,12,0,0,0,0,1
0,1,2,2,0,0,0,0,1
0,1,2,41,0,0,0,0,1
0,1,0,11,0,0,0,0,1
0,1,2,41,0,0,0,0,1
2,0,2,17,0,513,669,0,0
2,1,0,21,0,0,0,0,1
2,1,0,21,0,0,0,0,1
2,0,2,27,0,89,51,5,1
2,1,2,54,0,0,0,0,1
2,0,2,15,0,2309,1142,1,0
2,1,2,39,0,0,0,0,1
0,0,2,31,0,1,7,0,1
2,1,2,28,0,0,0,0,1
0,0,2,21,0,3553,0,0,0
1,1,2,29,0,0,0,0,1
0,0,2,45,0,112,198,0,1
1,0,0,44,0,0,99,317,0
0,1,2,12,0,0,0,0,1
0,1,0,18,0,0,0,0,1
0,1,0,20,0,0,0,0,1
1,0,2,43,0,0,0,580,1
0,1,0,46,0,0,0,0,1
0,0,2,53,0,0,0,920,1
0,0,2,21,0,621,0,0,0
0,0,2,23,0,0,0,0,0
0,0,0,9,0,0,0,0,0
0,0,2,19,0,546,0,325,0
0,1,1,52,0,0,0,0,1
1,1,0,31,0,0,0,0,1
0,0,2,62,0,761,0,0,0
1,1,2,27,0,0,0,0,1
0,1,2,23,0,0,0,0,0
1,1,0,28,0,0,0,0,1
1,1,0,27,0,0,0,0,1
0,1,2,58,0,0,0,0,1
0,0,0,24,0,0,835,0,1
2,0,2,27,1,149,890,9,0
0,0,2,33,0,36,0,1415,0
0,0,2,28,0,229,0,0,1
0,0,2,39,0,0,0,0,0
0,0,2,27,0,0,0,727,0
0,0,2,36,0,0,106,0,1
0,0,2,64,0,0,1827,0,1
0,0,1,41,0,0,687,0,1
1,1,0,28,0,0,0,0,1
1,1,2,27,0,0,0,0,1
1,0,2,28,0,0,64,139,0
0,0,0,22,0,483,0,304,1
0,0,2,23,0,0,2624,912,1
2,0,2,40,0,7,6,1206,0
2,1,2,2,0,0,0,0,1
2,0,2,0,0,0,0,0,1
0,0,2,27,0,0,0,17,1
0,0,0,0,0,0,0,0,1
0,0,2,17,0,0,18,318,0
0,0,2,45,0,224,0,1501,0
0,0,2,62,0,104,194,436,0
0,1,0,14,0,0,0,0,1
0,0,0,24,0,0,848,0,1
0,1,1,51,0,0,0,0,1
0,0,2,49,0,20,0,769,0
2,0,2,52,0,1364,444,0,1
2,1,0,35,0,0,0,0,1
2,1,2,22,0,0,0,0,1
0,0,2,17,0,0,1552,0,0
1,1,0,47,0,0,0,0,1
2,1,2,25,0,0,0,0,1
0,1,2,11,0,0,0,0,1
0,0,2,17,0,18,73,0,0
0,0,2,41,0,8,0,0,1
0,0,2,55,0,0,0,507,1
0,0,2,29,0,0,7,20,1
0,0,2,19,0,0,0,888,0
0,1,0,23,0,0,0,0,1
0,0,2,32,0,4518,0,93,0
0,0,2,27,0,0,0,0,0
0,0,2,25,0,0,892,0,1
2,0,2,24,0,10,173,1497,0
2,1,2,30,0,0,0,0,0
0,0,1,50,0,781,0,61,1
0,0,2,51,0,201,40,0,0
2,0,0,27,0,1331,0,0,0
2,0,2,35,0,750,0,0,0
0,0,2,48,0,0,790,2368,0
0,1,2,27,0,0,0,0,1
0,1,1,19,0,0,0,0,1
0,1,1,18,0,0,0,0,1
1,0,0,25,0,0,0,0,1
0,1,0,41,0,0,0,0,1
2,1,2,62,0,0,0,0,1
2,1,2,30,0,0,0,0,1
2,1,2,6,0,0,0,0,1
0,0,0,15,0,0,0,0,0
2,0,1,34,0,162,690,28,0
0,0,2,34,0,223,13,514,0
0,0,2,23,0,16,1,1,1
0,0,2,51,0,0,207,347,0
0,1,1,63,0,0,0,0,1
0,0,2,42,0,84,300,0,1
0,0,0,19,0,0,0,0,1
0,1,2,5,0,0,0,0,1
0,1,0,2,0,0,0,0,1
0,1,2,15,0,0,0,0,1
1,0,2,36,0,0,0,1,0
0,0,2,32,0,0,39,0,0
0,0,2,19,0,2,450,204,1
1,0,0,26,0,0,15,5,1
0,0,2,33,0,48,756,308,0
0,1,2,38,0,0,0,0,1
0,0,2,22,0,0,859,62,0
0,0,2,32,0,0,0,0,0
2,1,0,30,0,0,0,0,1
0,0,2,51,0,152,25,74,0
1,0,2,29,0,0,0,0,0
1,0,2,16,0,0,0,96,1
1,0,2,32,0,0,0,241,0
1,0,0,24,0,0,0,725,0
1,0,2,23,0,0,0,4810,0
1,1,0,46,0,0,0,0,1
1,0,0,49,0,0,0,5474,0
1,1,2,17,0,0,0,0,1
1,0,0,35,0,4,324,899,0
1,0,0,43,0,0,0,274,0
0,0,2,20,0,149,559,21,1
1,1,0,24,0,0,0,0,1
1,0,2,28,0,0,0,2463,0
1,1,0,19,0,0,0,0,1
1,0,0,39,0,0,0,1854,0
2,0,2,34,0,1547,97,59,0
0,0,2,29,0,89,173,0,1
0,0,0,14,0,0,52,0,1
0,1,2,28,0,0,0,0,1
0,0,2,30,0,628,544,0,0
0,0,2,28,0,72,0,0,1
0,1,1,32,0,0,0,0,1
0,1,2,7,0,0,0,0,1
0,1,0,34,0,0,0,0,1
0,0,1,47,0,163,11,593,1
2,0,2,19,0,300,642,0,0
1,1,2,52,0,0,0,0,1
2,0,2,19,0,758,0,0,0
2,1,2,18,0,0,0,0,1
0,0,2,32,0,224,0,64,0
0,0,0,21,0,423,172,0,0
2,0,0,22,0,0,0,0,1
2,0,2,13,0,157,1199,0,0
2,0,2,25,0,2093,6,0,0
2,0,2,33,0,836,155,31,0
2,0,2,27,0,1379,414,0,0
0,0,2,21,0,12,0,1658,0
1,1,0,17,0,0,0,0,1
1,1,0,15,0,0,0,0,1
1,0,0,58,1,2,0,1482,0
1,0,2,29,0,1,97,61,0
1,1,2,34,0,0,0,0,1
1,0,2,28,0,0,1761,1,1
1,0,2,29,0,3215,4,7,1
1,1,0,25,0,0,0,0,1
2,0,0,23,0,112,143,2,0
0,0,2,22,0,0,689,0,1
0,1,0,38,0,224,0,0,1
0,0,2,38,0,0,0,0,1
0,0,2,0,0,0,0,0,0
0,0,2,28,0,17,0,49,0
0,1,2,0,0,0,0,0,1
0,0,0,37,0,0,0,311,0
0,0,2,2,0,0,0,0,1
1,1,0,40,0,0,0,0,1
2,0,2,47,0,448,891,0,0
0,0,2,34,0,0,610,591,1
2,0,2,43,0,1086,202,401,0
2,1,0,21,0,0,0,0,1
1,1,0,43,0,0,0,0,1
2,0,2,33,0,3090,808,0,0
1,0,2,28,0,0,0,0,1
1,0,0,57,0,200,0,311,0
1,0,2,28,0,0,0,0,1
1,0,2,46,0,0,761,4423,0
1,0,0,19,0,0,0,2,1
2,0,2,27,0,441,397,471,0
0,0,2,2,0,0,0,0,1
2,0,2,0,0,0,0,0,1
2,0,2,25,1,1442,0,0,0
2,1,2,47,0,0,0,0,1
2,0,1,38,0,1208,13,38,1
2,0,2,24,0,555,618,0,0
0,0,2,24,0,276,0,0,1
1,0,2,25,0,0,0,0,1
0,0,2,29,0,0,6,0,1
2,0,0,44,0,2956,10,12,0
0,0,2,20,0,0,173,703,0
0,1,2,23,0,0,0,0,1
1,0,0,26,0,0,51,224,1
0,1,1,20,0,0,0,0,1
2,1,2,27,0,0,0,0,1
0,0,0,23,0,94,0,967,0
0,1,1,33,0,0,0,0,1
0,0,2,30,0,477,8,0,1
0,0,2,32,0,0,2,0,1
2,0,2,19,0,781,295,613,0
2,0,2,41,0,1,808,0,0
0,1,2,50,0,0,0,0,0
0,0,2,36,0,9,0,482,0
2,1,2,21,0,0,0,0,1
1,0,0,45,1,1017,0,601,0
1,1,0,26,0,0,0,0,1
0,1,2,44,0,0,173,0,1
0,0,1,24,0,0,617,0,1
0,1,0,15,0,0,0,0,1
0,0,2,58,0,0,0,1989,0
0,0,2,13,0,28,367,0,0
1,1,2,19,0,0,0,0,1
1,0,0,25,0,140,0,0,1
0,0,2,24,0,718,265,302,0
0,0,2,20,0,3,0,806,0
2,1,2,34,0,0,0,0,1
2,1,2,13,0,0,0,0,1
0,0,2,28,0,0,0,36,1
0,1,0,39,0,0,0,0,0
0,1,2,0,0,0,0,0,0
0,0,2,10,0,0,0,0,0
0,1,2,9,0,0,0,0,0
0,0,0,34,0,0,273,311,0
0,0,2,11,0,0,0,0,0
0,1,2,0,0,0,0,0,0
0,0,2,24,0,0,0,14,0
0,1,1,16,0,0,0,0,1
0,0,2,42,0,0,0,1,0
2,0,2,41,0,982,380,0,1
1,0,2,36,0,0,9058,1,1
1,0,0,27,0,0,0,304,0
1,0,2,32,1,0,0,1,0
1,0,0,11,0,0,0,0,1
1,0,2,26,1,0,0,1043,1
1,0,2,28,0,0,0,29,1
0,0,2,25,0,0,20,0,0
0,0,2,5,0,0,0,0,1
0,1,2,28,0,0,0,0,1
0,0,2,13,0,852,7,0,1
0,0,2,30,0,0,47,703,1
0,1,2,15,0,0,173,0,1
0,1,2,0,0,0,0,0,1
0,0,2,49,0,0,0,0,1
0,0,2,52,0,0,0,0,1
0,1,2,15,0,0,0,0,1
0,0,2,40,0,521,53,70,0
0,1,0,0,0,0,0,0,1
2,0,2,32,0,158,139,752,0
2,1,0,15,0,0,0,0,1
2,0,1,26,0,2042,2387,10,1
2,1,1,31,0,0,0,0,0
2,0,2,8,0,0,0,0,1
0,0,2,18,0,0,0,1,1
0,0,2,3,0,0,0,0,0
1,0,2,44,0,0,1224,514,1
0,0,2,15,0,0,0,179,1
1,0,2,27,0,0,0,778,1
2,0,2,22,0,2413,53,1,0
0,0,2,2,0,0,0,0,1
0,0,2,32,0,3,0,0,0
0,0,2,16,0,805,0,0,1
2,0,2,34,0,419,15,0,0
2,0,2,32,0,1946,653,0,0
0,0,2,28,0,0,1039,1,0
1,0,2,27,0,0,0,8126,0
0,0,1,35,0,508,0,57,1
2,1,2,25,0,0,0,0,0
0,0,2,24,0,178,235,0,1
0,1,2,61,0,0,0,0,0
2,1,2,28,0,0,0,0,1
1,0,1,29,1,3,0,3104,0
1,1,2,41,0,0,0,0,1
1,0,2,20,0,1883,173,8810,0
2,0,0,18,0,2904,50,0,0
0,0,2,28,0,8,3949,0,1
0,0,2,18,0,33,455,167,1
2,0,2,33,0,301,501,0,0
2,0,2,35,0,0,0,0,0
1,0,0,68,0,125,0,22408,0
0,0,2,19,0,3,0,0,1
1,0,2,33,0,0,2366,1612,0
1,0,0,55,0,8142,0,1481,0
1,0,2,15,0,0,0,0,1
0,0,2,23,0,0,0,44,0
0,0,2,23,0,0,1,0,1
2,0,0,15,0,3811,109,236,0
2,0,2,49,0,2209,109,23,0
0,0,2,33,0,41,0,42,1
2,1,0,26,0,0,0,0,1
1,1,2,26,0,0,0,0,1
0,0,2,18,0,14,144,610,1
0,1,2,17,0,0,0,0,1
0,0,2,39,0,657,0,311,1
0,0,2,8,0,0,0,0,0
0,0,2,46,0,0,868,0,1
1,0,0,32,0,0,0,183,1
0,0,2,19,0,605,24,1,0
2,1,2,36,0,0,0,0,1
0,1,2,28,0,0,0,0,1
0,0,2,39,0,0,291,13,0
0,0,2,16,0,0,641,33,1
0,1,1,7,0,0,0,0,1
0,0,2,1,0,0,0,0,1
1,1,0,30,0,0,0,0,1
1,1,0,44,0,0,0,0,1
1,1,0,28,0,0,0,0,1
2,0,2,29,0,3564,802,0,0
2,0,2,41,0,239,1048,0,1
2,0,2,13,0,1119,1326,0,1
2,0,2,18,0,4397,1437,4,0
0,0,0,27,0,0,0,2725,0
0,1,2,26,0,0,0,0,1
0,0,0,24,0,13,2,673,0
0,0,1,26,0,104,0,280,0
0,1,1,27,0,0,0,0,1
1,0,2,58,0,0,0,1120,0
1,1,0,54,0,0,0,0,1
0,0,0,18,0,0,0,63,1
0,0,2,13,0,206,0,1,0
1,0,2,13,0,0,0,311,0
1,1,2,28,0,0,0,0,1
0,0,0,57,0,0,0,0,1
1,1,2,32,0,0,0,0,1
1,0,2,32,0,0,0,4588,0
1,1,0,21,0,0,0,0,1
1,1,0,34,0,0,0,0,1
1,0,2,33,0,0,0,773,1
2,1,2,36,0,0,0,0,1
2,0,2,50,0,513,0,764,0
2,0,2,28,0,828,72,6,0
1,0,2,56,0,679,0,33,0
2,0,0,42,0,1156,1,305,0
2,1,2,39,0,0,0,0,0
0,0,1,13,0,0,0,311,1
1,0,2,28,0,0,0,2,1
1,0,2,55,0,916,0,1677,0
0,0,0,36,0,0,700,0,1
2,1,2,28,0,0,0,0,1
0,0,1,37,0,0,834,0,1
1,1,0,50,0,0,0,0,1
1,0,2,27,0,551,0,462,0
0,1,2,23,0,0,0,0,0
0,0,2,16,0,7,311,0,0
1,0,0,33,1,0,0,197,1
2,1,2,46,0,0,173,0,1
0,1,1,26,0,0,0,0,1
0,0,2,24,0,270,534,0,0
0,0,2,26,0,0,0,213,0
0,0,2,2,0,0,0,0,1
0,0,2,33,0,457,0,0,0
0,1,2,32,0,0,0,0,1
0,1,2,3,0,0,0,0,1
0,1,2,2,0,0,0,0,1
0,0,2,6,0,0,0,0,1
2,0,2,28,0,236,332,31,1
1,0,2,0,0,0,173,0,1
1,1,2,4,0,0,0,0,1
1,0,2,58,0,0,173,803,1
1,1,2,22,0,0,0,0,1
1,1,0,51,0,0,0,0,1
1,1,0,37,0,0,0,0,1
0,0,1,17,0,0,0,14,0
0,0,2,21,0,28,0,662,0
0,0,2,28,0,3,0,362,1
1,0,0,28,0,3478,0,105,0
1,0,2,31,0,0,0,0,0
2,1,2,43,0,0,0,0,1
2,1,2,28,0,0,0,0,1
0,0,2,15,0,1682,0,0,1
0,0,2,18,0,0,8,11,1
1,1,2,33,0,0,0,0,1
1,0,2,31,0,0,0,2963,0
1,1,0,41,0,0,0,0,1
0,0,2,22,0,1,10,625,0
0,0,2,40,0,0,0,888,0
2,0,2,49,0,460,92,659,0
0,1,1,14,0,0,0,0,1
0,0,0,22,0,0,1,575,0
0,0,2,22,0,0,33,429,0
0,0,2,25,0,980,3,0,0
0,1,1,42,0,0,0,0,1
0,1,1,16,0,0,0,0,1
0,0,0,12,0,0,0,0,1
0,0,2,18,0,382,291,90,1
0,0,2,33,0,0,173,0,0
0,0,2,14,0,5,479,297,0
0,1,2,36,0,0,0,0,1
1,1,2,23,0,0,173,0,1
0,0,0,24,0,0,116,1,0
0,1,1,4,0,0,0,0,1
0,1,2,28,0,0,0,0,0
0,0,2,18,0,628,0,31,0
0,1,2,21,0,0,0,0,1
0,0,2,27,0,12,0,873,0
2,1,2,34,0,0,0,0,1
0,1,1,28,0,0,0,0,0
1,1,2,35,0,0,0,0,1
0,1,1,16,0,0,0,0,1
1,0,2,36,0,0,1657,2799,0
0,1,2,30,0,0,0,0,0
0,1,1,4,0,0,0,0,1
2,0,2,19,1,61,110,0,1
0,0,2,3,0,0,0,0,1
1,1,2,51,0,0,0,0,1
1,1,2,28,0,0,0,0,1
1,1,2,45,0,0,0,0,1
1,1,2,18,0,0,0,0,1
0,0,1,23,0,0,403,0,1
0,0,2,15,0,1042,36,0,0
2,1,2,34,0,0,173,0,1
2,0,2,47,0,5,0,24,1
1,0,2,27,0,3,0,657,1
1,0,2,26,0,0,0,3,0
1,0,0,25,0,2026,0,1179,0
1,0,0,34,1,0,0,130,0
2,0,2,27,1,55,50,1849,0
0,0,2,39,0,0,43,660,0
2,0,2,31,0,915,1313,370,0
2,0,2,4,0,224,0,0,1
2,0,2,19,0,0,0,0,0
2,1,0,59,0,0,0,0,1
2,0,2,19,0,2006,173,0,1
0,0,0,25,0,258,306,311,1
1,0,0,28,0,0,0,2043,1
1,0,0,37,0,0,0,3282,0
2,0,2,43,0,24,1167,0,1
0,0,0,18,0,425,0,0,0
0,0,2,36,0,1603,2,87,0
0,0,2,14,0,71,0,0,0
0,0,1,42,0,0,0,113,0
0,0,1,29,0,25,2,0,0
2,0,2,23,0,1696,82,235,0
0,0,2,16,0,0,60,0,0
0,0,0,8,0,0,0,0,1
0,0,2,20,0,1,0,32,0
0,0,1,50,0,199,182,0,0
0,0,2,38,0,0,39,62,1
2,1,2,39,0,0,0,0,1
2,0,2,33,0,559,145,594,0
1,1,0,30,0,0,0,0,1
2,0,1,40,1,301,1310,4,1
0,0,2,22,0,395,0,300,0
2,1,2,52,0,0,0,0,1
2,1,2,26,0,0,0,0,1
0,0,2,19,0,2044,13,1,0
0,0,2,33,0,6,0,0,0
0,1,1,33,0,0,0,0,1
0,0,2,20,0,0,841,5,1
2,0,2,28,0,224,129,0,0
0,1,0,10,0,0,0,0,1
0,0,2,23,0,0,908,0,1
0,0,2,28,0,224,887,0,1
0,0,2,23,0,2189,0,0,1
2,0,2,54,0,630,418,312,0
2,0,2,57,0,368,636,1082,0
2,0,0,24,0,737,301,0,0
1,1,2,37,0,0,0,0,1
1,1,2,59,0,0,0,0,1
0,1,2,53,0,0,0,0,1
2,1,2,22,0,0,0,0,1
0,0,2,18,0,102,186,2287,0
1,1,0,17,0,0,0,0,1
0,0,0,25,0,0,3,9,0
0,0,2,18,0,108,11,0,0
0,0,2,20,0,379,29,39,0
0,0,2,24,0,0,0,2,1
2,1,2,33,0,0,0,0,1
0,0,2,34,0,124,0,679,0
0,0,0,24,0,0,13,0,0
1,0,2,37,0,0,0,0,1
2,0,2,23,0,690,0,292,0
2,0,2,32,0,2031,28,519,0
2,1,2,13,0,0,0,0,1
0,1,0,23,0,0,0,0,1
0,1,2,23,0,0,0,311,1
1,0,2,27,0,135,9,424,0
0,1,2,47,0,0,0,0,1
0,0,2,38,0,20,751,0,1
2,0,2,28,0,158,0,465,0
0,0,2,21,0,0,2,0,0
0,0,2,28,0,2,93,6,0
1,0,0,64,0,0,0,0,1
1,0,2,43,0,2,0,7,1
0,0,2,21,0,0,28,508,1
0,0,2,36,0,78,0,0,1
0,0,1,22,0,0,0,48,1
0,0,2,24,0,0,1,0,0
1,1,2,21,0,0,0,0,1
0,0,2,57,0,0,29,0,1
1,0,0,46,0,0,0,0,1
2,1,2,42,0,0,0,0,1
0,0,2,16,0,17,0,537,0
0,0,2,40,0,0,0,11,0
0,0,2,3,0,0,0,0,0
0,0,2,8,0,0,173,0,1
0,1,1,3,0,0,0,0,1
0,0,0,35,0,1669,7,0,0
0,0,0,12,0,0,0,0,1
0,1,2,28,0,0,0,0,1
1,0,0,47,1,0,1573,201,1
1,1,0,19,0,0,0,0,1
1,0,2,46,0,3616,0,15,0
0,0,2,28,0,0,215,30,0
0,0,2,5,0,0,0,0,1
0,0,2,7,0,0,0,0,1
0,1,2,3,0,0,0,0,1
0,0,2,1,0,0,0,0,1
0,0,0,7,0,0,0,0,1
1,0,2,60,0,0,3,1964,0
0,0,2,34,0,6,0,10,0
1,0,2,28,0,0,0,6,0
0,0,0,64,0,0,2,673,0
0,0,2,13,0,898,0,311,0
0,1,2,15,0,0,0,0,1
0,0,2,65,0,458,555,0,0
2,0,2,53,0,78,859,0,1
1,1,0,58,0,0,0,0,1
1,0,2,19,0,0,0,1956,0
1,1,0,28,0,0,0,0,1
0,0,2,16,0,0,1541,0,1
1,0,0,48,0,3,0,4368,0
1,0,2,33,0,2,0,34,1
0,0,2,31,0,19,0,0,0
0,0,0,44,0,0,0,0,1
0,0,2,40,0,1,895,10,1
0,1,2,34,0,0,0,0,1
0,0,2,21,0,0,0,143,0
0,0,2,20,0,0,1,696,0
2,1,2,9,0,0,0,0,1
0,1,2,33,0,224,0,0,0
0,1,1,2,0,0,0,0,0
0,0,2,53,0,627,0,0,0
0,0,0,0,0,0,0,0,1
0,1,1,38,0,0,0,0,1
1,1,0,21,0,0,0,0,1
0,1,2,31,0,0,0,0,1
0,1,1,7,0,0,0,0,1
0,0,0,12,0,0,0,0,1
0,1,1,0,0,0,0,0,1
0,0,2,17,0,5,1317,287,1
0,0,2,55,0,0,0,479,0
0,0,0,2,0,0,0,0,1
0,0,2,32,0,18,0,1382,0
0,0,0,16,0,0,694,0,0
0,0,2,0,0,0,0,0,0
1,0,2,29,0,0,5468,7,1
1,0,0,25,0,484,0,4,0
2,0,0,39,0,1884,1435,5,0
2,1,2,42,0,0,0,0,1
0,0,0,0,0,0,0,0,1
0,1,2,14,0,0,0,0,1
2,0,2,29,0,2223,0,0,0
2,0,2,54,0,676,231,379,0
0,1,2,35,0,0,0,0,1
1,0,0,28,0,49,173,1885,0
2,0,2,18,0,593,508,0,1
0,0,0,14,0,0,0,1,1
1,1,2,53,0,0,0,0,1
0,0,2,48,0,410,0,0,1
0,0,0,21,0,0,0,0,1
0,0,2,44,0,0,0,729,1
0,0,2,25,0,106,0,0,0
1,0,2,0,0,0,0,0,1
1,1,2,27,0,0,0,0,1
1,1,2,40,0,0,0,0,1
0,0,2,44,0,0,129,246,1
0,1,2,36,0,0,0,0,0
0,1,0,3,0,0,0,0,1
0,1,2,9,0,0,0,311,0
0,1,2,1,0,0,173,0,0
0,0,2,17,0,0,977,0,1
0,1,2,47,0,0,0,0,0
0,1,2,28,0,0,0,0,0
1,0,0,33,0,0,0,1,0
0,0,1,16,0,0,99,311,1
2,0,2,30,1,1960,638,0,0
2,0,0,18,0,114,927,0,1
0,0,2,26,0,360,1,329,0
0,0,1,19,0,577,0,7,1
2,1,2,28,0,0,0,0,1
0,0,2,35,0,858,16,0,0
1,0,2,40,0,773,43,10,1
1,0,2,26,1,0,0,328,0
1,0,0,45,0,0,0,415,1
1,1,0,18,0,224,0,0,1
0,0,0,54,0,801,0,0,1
0,0,2,13,0,1144,6,0,0
2,1,0,26,0,0,0,0,1
0,1,1,16,0,0,0,0,1
0,0,2,37,0,0,8,20,0
0,1,2,17,0,0,0,0,1
0,0,0,16,0,2,0,0,0
0,0,2,18,0,358,0,0,0
2,0,1,21,0,435,422,16,0
0,0,2,24,0,0,0,0,1
0,1,2,22,0,224,0,0,1
0,1,2,41,0,0,0,0,1
0,1,2,15,0,0,0,0,1
0,1,2,36,0,0,0,0,1
0,0,0,23,0,0,478,4560,0
0,0,2,31,0,0,0,311,0
0,0,2,19,0,114,622,0,0
0,1,0,23,0,0,0,0,1
0,0,2,47,0,0,2915,0,0
1,0,0,40,0,0,0,109,1
1,0,0,34,1,0,0,0,0
0,0,2,2,0,0,0,0,0
0,1,2,8,0,0,0,0,0
0,1,2,0,0,0,0,0,1
0,0,1,18,0,0,1720,1,1
0,0,2,11,0,0,0,0,0
0,0,2,18,0,0,790,311,1
0,0,1,19,0,54,0,42,0
0,0,2,2,0,0,0,0,1
0,1,2,25,0,0,0,0,1
0,0,0,0,0,0,0,0,1
1,1,0,27,0,0,0,0,1
1,1,0,34,0,0,0,0,1
0,1,2,19,0,0,0,0,1
0,0,1,22,0,431,0,10,0
0,0,2,22,0,0,165,14,0
0,0,1,52,0,0,9,0,0
0,0,2,30,0,59,0,0,0
1,0,2,65,0,0,173,85,0
0,0,2,31,0,294,31,3,1
2,1,2,51,0,0,0,0,1
0,0,2,21,0,365,0,0,1
0,0,2,27,0,93,0,0,0
0,0,2,31,0,224,873,0,1
1,1,0,28,0,0,0,0,1
1,0,2,29,0,0,0,5568,0
2,0,2,23,0,1533,858,297,0
2,1,2,11,0,0,0,0,1
2,0,2,23,0,1233,527,0,0
2,0,2,34,0,801,246,1,0
0,0,2,20,0,224,151,508,0
1,1,0,20,0,224,0,0,1
1,1,2,16,0,0,0,0,1
0,1,2,18,0,0,0,0,0
0,0,0,20,0,24,1,311,0
0,1,1,20,0,0,0,0,1
0,0,0,27,0,30,763,0,0
1,0,0,55,0,114,0,2575,0
2,0,0,53,0,83,1590,60,1
2,1,2,37,0,0,0,0,1
0,1,1,55,0,0,0,0,1
0,0,2,24,0,552,0,231,1
0,0,0,24,0,14,1,528,1
0,1,1,49,0,0,0,0,1
0,0,2,17,0,0,0,1806,0
0,0,2,39,0,0,710,56,1
0,1,0,5,0,0,0,0,1
0,0,2,10,0,0,0,0,1
0,1,2,1,0,0,0,0,1
0,0,2,16,0,45,622,0,0
0,0,2,51,0,0,388,1380,0
0,1,2,5,0,0,0,0,1
0,0,2,19,0,0,0,0,0
0,1,2,0,0,0,0,0,1
0,0,2,20,0,810,0,0,0
0,1,2,0,0,0,0,0,1
0,1,2,1,0,0,0,0,1
0,1,1,38,0,0,0,0,1
0,0,2,40,0,0,433,343,0
2,0,2,18,0,0,0,0,0
2,0,2,36,0,636,168,1795,0
1,0,2,23,0,0,57,259,0
1,1,0,42,0,0,0,0,1
2,0,2,37,0,610,410,148,0
0,0,2,24,0,0,11,0,1
0,0,2,12,0,224,0,0,1
0,1,2,2,0,0,0,0,1
0,0,1,28,0,0,17,0,0
0,1,2,44,0,0,0,0,1
1,0,2,26,0,0,0,1877,0
0,0,2,36,0,32,657,58,0
0,0,0,28,0,224,0,0,1
2,0,2,14,0,0,0,0,0
0,1,2,14,0,0,0,0,0
0,0,2,28,0,0,0,115,1
2,1,2,27,0,0,0,0,1
2,0,2,21,0,899,1686,13,1
0,0,2,24,0,1256,8,1530,0
0,0,1,18,0,22,20,596,0
2,1,2,24,0,0,0,0,1
2,1,2,8,0,0,0,0,1
2,1,2,36,0,0,0,0,0
2,0,2,32,1,1179,4,0,0
0,0,2,19,0,14,0,160,0
0,0,2,12,0,0,0,0,1
1,1,2,21,0,0,0,0,1
1,1,0,13,0,0,0,0,1
2,1,2,20,0,0,0,0,1
2,1,2,35,0,0,0,0,1
1,0,0,23,0,0,0,3452,0
1,0,0,17,0,0,6,4236,0
2,0,2,29,0,1290,6,1,0
0,0,2,27,0,352,1,407,0
0,0,2,22,0,89,795,0,1
2,0,0,26,0,414,681,352,0
2,1,2,1,0,0,0,0,1
2,1,2,7,0,0,0,0,1
0,0,0,78,0,0,202,288,1
0,0,2,24,0,0,53,652,1
0,0,2,26,0,0,0,22,0
1,0,2,50,0,0,336,1855,0
0,1,2,16,0,0,0,0,0
1,1,0,57,0,0,0,0,1
1,0,0,29,0,0,0,4921,0
1,0,0,27,0,0,849,149,1
0,0,2,42,0,0,0,108,1
0,1,1,28,0,0,0,0,1
0,1,1,18,0,0,0,0,1
2,0,2,38,0,1192,1864,4287,0
0,0,2,32,0,1,0,1,0
0,0,2,21,0,0,2076,77,1
0,0,2,6,0,0,0,0,1
0,0,2,27,0,0,20,0,0
0,0,1,32,0,397,7,182,0
0,0,1,23,0,601,113,0,1
1,0,2,29,0,0,0,0,0
0,0,2,22,0,151,26,0,0
0,1,2,31,0,0,0,0,0
0,1,0,0,0,0,0,0,1
1,0,2,2,0,0,0,0,1
0,1,2,28,0,0,0,0,1
1,0,2,28,0,0,1,2929,0
2,0,2,20,0,57,1185,0,0
1,0,0,28,1,19,2974,3603,0
1,0,2,42,0,0,0,10912,0
0,0,1,32,0,388,0,439,0
0,0,2,19,0,0,0,1785,0
0,0,0,20,0,0,715,2,1
0,1,1,20,0,0,0,0,1
0,0,2,21,0,0,1540,80,0
0,1,1,32,0,0,0,0,1
0,1,2,16,0,0,0,0,1
0,1,2,21,0,0,0,0,1
0,0,0,12,0,0,0,0,0
0,1,1,21,0,0,0,0,1
2,0,2,31,0,127,976,118,0
0,1,0,18,0,0,0,0,1
2,0,2,35,0,771,183,0,0
1,0,2,44,0,0,835,266,0
0,0,2,13,0,0,0,8,1
0,0,2,21,0,0,0,0,0
1,0,2,37,0,0,339,2008,1
0,0,2,28,0,0,0,1267,1
0,0,2,34,0,228,150,15,0
2,0,0,21,0,861,310,0,0
0,0,2,38,0,395,0,0,1
2,0,2,31,0,1979,2,112,0
2,0,2,61,0,1143,580,0,0
0,0,2,20,0,0,25,158,0
0,0,1,39,0,0,0,0,0
2,1,2,29,0,0,0,0,1
2,1,0,68,0,0,0,0,1
1,0,0,38,0,0,0,1308,0
0,0,2,31,0,3,0,747,1
0,0,2,41,0,699,0,2,1
1,0,2,29,0,19,6,6324,0
0,0,2,25,0,0,0,0,1
0,0,2,27,0,0,23,30,0
0,0,2,21,0,0,845,4,1
0,0,2,30,0,0,0,1,0
2,0,2,40,0,2081,0,0,0
2,0,2,59,0,126,127,11,0
0,1,2,35,0,0,0,0,0
0,0,2,41,0,18,35,0,0
0,0,0,36,0,695,0,0,0
0,1,0,58,0,0,0,0,1
0,0,2,27,0,0,0,908,0
0,0,2,24,0,0,336,304,0
0,0,2,50,0,0,1,0,1
1,0,2,22,0,0,0,818,0
2,1,2,26,0,0,0,0,0
2,1,2,16,0,0,0,0,1
0,0,2,56,0,0,0,179,0
1,0,0,25,0,0,97,530,0
1,0,2,13,0,0,12253,6,1
1,0,0,53,0,0,0,1170,1
0,1,2,21,0,0,0,0,1
0,0,2,18,0,289,3,2,1
0,0,2,38,0,115,0,202,1
0,1,2,20,0,0,0,0,1
1,1,2,24,0,0,0,0,0
1,0,2,56,0,0,0,2,1
0,0,2,47,0,285,3,0,0
2,1,2,21,0,0,0,0,1
0,0,1,28,0,0,661,0,1
0,0,2,26,0,0,0,0,0
0,1,0,34,0,0,0,0,1
0,0,2,35,0,102,6,0,1
2,1,2,35,0,0,0,0,1
1,1,2,49,0,0,0,0,1
0,0,2,24,0,2,0,52,0
0,0,2,62,0,94,2341,94,1
2,0,2,25,0,68,3700,0,1
1,1,0,42,0,0,0,0,1
0,0,1,25,0,166,520,0,0
0,0,2,21,0,588,17,0,0
2,1,2,17,0,0,0,0,0
0,0,0,41,0,635,7,0,1
0,1,2,50,0,0,0,0,0
0,0,1,20,0,0,561,2,1
0,1,2,15,0,0,0,0,1
2,1,2,29,0,0,0,0,1
0,0,2,20,0,2532,0,59,1
1,0,2,35,0,345,0,0,1
0,0,1,22,0,0,273,311,1
0,0,0,43,0,0,642,0,1
0,0,0,54,0,752,44,14,0
0,1,2,15,0,0,0,0,1
0,1,0,38,0,224,0,0,1
0,0,2,44,0,1175,13,642,0
0,1,1,34,0,0,0,0,1
0,0,0,15,0,3,23,0,0
0,1,2,24,0,0,0,0,0
0,0,2,29,0,0,272,394,0
0,0,2,19,0,0,0,2,1
1,0,2,27,0,0,0,2167,0
1,0,2,26,0,0,0,0,1
1,1,0,46,0,0,0,0,1
0,1,2,64,0,0,0,0,1
1,0,2,17,0,0,26,244,0
1,0,0,45,0,0,1791,414,0
2,0,2,27,0,1228,0,0,0
0,1,2,29,0,0,0,0,0
0,1,1,18,0,0,0,0,1
1,1,2,26,0,0,0,0,1
1,1,0,39,0,0,0,0,1
0,1,2,59,0,0,0,0,1
0,0,2,20,0,0,24,0,0
0,1,0,17,0,0,0,0,1
0,1,2,47,0,0,0,0,1
0,0,1,29,0,2,1501,26,1
0,0,2,16,0,224,265,0,0
0,0,2,48,0,12,0,0,0
0,0,1,39,0,0,29,424,0
0,1,0,28,0,0,0,0,1
0,1,0,12,0,0,0,0,1
0,1,2,24,0,0,173,0,1
2,1,2,30,0,0,0,0,1
1,1,2,34,0,0,0,0,1
2,0,2,37,0,0,0,0,1
0,0,2,47,0,590,47,3,0
0,0,2,0,0,0,0,0,0
0,0,2,23,0,0,0,0,1
0,1,0,0,0,0,0,0,1
0,0,2,20,0,402,9,373,0
0,0,2,35,0,90,655,43,0
0,0,2,18,0,0,827,0,1
1,1,0,17,0,0,0,0,1
1,0,2,18,0,4,0,0,0
1,0,2,53,0,0,0,0,1
1,0,0,35,0,0,0,0,0
1,1,2,48,0,0,0,0,1
0,0,2,68,0,0,649,0,1
0,0,2,27,0,17,74,1548,0
0,0,0,28,0,32,304,291,1
0,0,2,37,0,864,0,0,0
2,1,2,35,0,0,173,0,1
2,0,2,31,0,1002,173,0,1
2,0,0,14,0,1880,15,0,0
2,0,2,1,0,0,0,0,1
2,0,0,4,0,0,0,0,1
2,0,1,30,0,77,1147,0,0
2,1,2,11,0,0,0,0,1
0,0,2,45,0,1595,0,0,0
1,0,2,29,0,0,0,1733,0
1,1,2,32,0,224,0,0,1
1,0,0,15,0,0,0,0,1
1,1,2,25,0,0,0,0,1
1,0,2,25,0,0,0,1525,0
0,0,2,60,0,707,0,0,0
0,0,1,24,0,61,0,0,0
1,1,2,35,0,0,0,0,1
0,0,2,36,0,224,512,34,1
0,0,0,22,0,0,381,0,1
0,1,1,32,0,0,0,0,1
1,0,2,57,0,0,0,8522,0
1,0,2,30,0,0,335,143,1
1,0,2,46,0,0,0,2395,0
0,0,2,28,0,62,542,0,1
1,1,0,26,0,0,0,0,1
0,0,2,55,0,0,719,274,0
0,1,2,66,0,0,173,0,1
0,0,2,20,0,0,34,0,0
0,0,1,31,0,239,0,0,0
2,0,2,13,0,0,0,0,0
0,1,2,50,0,0,0,0,1
1,1,2,21,0,0,0,0,1
1,1,2,25,0,0,0,0,1
0,1,2,46,0,0,0,0,1
1,0,2,0,0,0,0,0,1
1,0,2,2,0,0,0,0,1
1,0,2,36,0,994,0,7,0
1,1,0,19,0,0,0,0,1
1,1,0,35,0,0,0,0,1
1,1,0,41,1,0,0,0,1
0,1,2,22,0,0,0,0,1
2,0,2,25,1,224,714,0,0
0,0,0,24,0,700,0,0,0
0,0,2,37,0,18,0,528,0
0,1,2,5,0,0,0,0,0
0,1,2,28,0,0,0,0,1
2,1,2,41,0,0,0,0,1
1,0,2,44,0,0,0,0,1
0,0,2,23,0,0,0,0,1
1,1,0,28,0,0,0,0,1
1,0,0,27,0,0,9,1847,0
1,1,0,40,0,0,0,0,1
1,1,0,27,0,0,0,0,1
1,1,0,17,0,0,0,0,1
1,0,2,32,0,0,60,5015,0
0,0,2,29,0,68,713,37,1
0,0,2,29,0,0,0,311,1
1,0,2,41,0,0,0,1701,0
1,1,0,48,0,0,0,0,1
1,0,2,27,0,2664,0,109,0
0,0,2,14,0,0,791,49,1
0,0,2,32,0,3135,0,0,0
1,0,0,47,0,0,0,671,1
1,1,0,14,0,0,0,0,1
1,1,0,37,1,0,0,0,1
1,1,0,33,0,0,0,0,1
2,0,2,33,0,1373,23,920,1
0,0,2,44,0,0,174,0,1
0,0,2,37,0,0,4,455,1
0,0,1,18,0,103,181,1611,0
0,0,2,33,0,1288,0,0,1
2,0,2,21,0,1244,1119,0,0
2,0,2,38,0,1717,39,0,0
2,0,0,16,0,1337,2614,0,0
2,1,2,58,0,0,0,0,0
2,0,2,41,0,1203,140,0,0
0,0,1,28,0,545,501,0,0
0,1,2,28,0,0,0,0,1
1,1,2,31,0,224,0,0,1
2,1,2,27,0,0,0,311,1
2,0,2,7,0,0,0,0,1
2,0,2,25,0,1610,6,0,0
2,0,2,34,0,470,173,45,0
0,0,2,21,0,0,813,0,1
0,0,2,29,0,0,424,1,0
2,1,2,23,0,0,0,0,1
2,1,2,31,0,0,0,0,0
1,1,2,50,0,0,0,0,1
1,0,2,25,0,0,0,0,0
1,0,2,25,1,0,0,2,1
0,0,2,23,0,0,12,726,0
0,0,1,46,0,0,743,4,1
0,0,2,0,0,0,0,0,1
2,0,2,53,0,1964,635,0,0
0,0,0,25,0,76,0,0,0
2,0,1,30,0,51,1373,0,1
2,1,2,18,0,0,0,0,1
2,0,2,20,0,0,0,0,0
0,0,0,54,0,0,0,0,0
0,0,2,20,0,0,725,26,1
2,0,2,32,0,2937,696,0,0
2,0,2,31,0,76,2398,102,1
2,1,2,55,0,0,0,0,1
0,0,1,16,0,399,3,0,0
0,1,2,0,0,0,0,0,1
0,1,2,3,0,0,0,0,1
0,0,2,33,0,47,0,311,0
0,1,2,45,0,0,173,0,1
0,1,2,6,0,0,0,0,0
0,0,2,33,0,0,704,0,0
0,1,0,14,0,0,0,0,1
0,0,0,24,0,1,0,691,0
0,0,2,47,0,0,0,0,0
1,0,2,37,0,0,270,1,1
1,1,0,14,0,224,0,0,1
1,1,2,44,0,0,0,0,1
1,0,2,11,0,0,0,0,1
1,1,0,15,0,0,0,0,1
1,0,2,39,0,2167,1472,311,1
0,0,1,15,0,224,533,72,0
0,0,0,60,0,0,0,8,0
0,0,2,49,0,0,0,0,1
0,0,1,23,0,8,0,1052,0
0,0,2,9,0,0,0,0,1
0,0,2,0,0,0,0,0,0
0,0,2,17,0,108,1898,13,0
0,1,1,42,0,0,0,0,1
0,1,2,16,0,0,173,0,1
0,0,0,0,0,0,0,0,1
0,0,2,26,0,113,0,0,0
0,0,2,56,0,2,0,71,0
2,0,0,26,0,866,0,0,1
2,0,2,41,0,145,2383,30,1
2,0,2,27,0,20,1000,36,1
0,0,2,31,0,470,0,182,0
0,0,2,40,0,3,61,0,1
1,1,0,40,0,0,0,0,1
0,1,2,15,0,0,0,0,1
1,0,2,50,1,0,136,97,1
1,0,0,42,0,1751,0,12,0
1,0,2,50,0,52,0,700,0
0,0,2,39,0,14,310,0,1
0,0,2,27,0,0,192,38,0
2,1,2,20,0,0,0,0,1
2,0,2,30,0,768,2010,0,1
2,1,2,16,0,224,0,0,1
0,1,2,36,0,0,0,0,1
2,1,0,68,0,0,0,0,1
0,0,0,22,0,38,348,217,0
2,0,0,36,0,1339,7810,0,1
0,1,0,3,0,0,0,0,0
0,0,2,28,0,944,0,0,0
0,1,1,32,0,0,0,0,1
0,0,2,10,0,0,0,0,1
0,1,0,0,0,0,0,0,0
0,1,2,9,0,0,0,0,1
0,0,2,37,0,21,5,178,0
0,0,2,31,0,32,0,0,1
0,0,2,31,0,224,0,1490,0
0,0,2,43,0,142,0,0,0
0,0,2,15,0,0,29,0,0
0,0,2,58,0,224,0,444,1
2,1,2,30,0,0,0,0,1
2,0,2,24,0,3481,1236,2,0
0,0,2,49,0,0,92,1600,0
1,0,0,73,0,181,840,2618,0
1,1,2,14,0,0,0,0,1
1,1,2,50,0,0,0,0,1
1,0,2,12,0,0,0,0,1
0,1,2,2,0,0,0,0,1
0,0,2,49,0,355,8,0,0
0,1,2,32,0,0,0,0,0
0,1,2,28,0,0,0,0,0
2,1,2,33,0,0,0,0,1
0,0,2,23,0,7,0,716,1
0,1,2,23,0,0,0,0,1
2,1,2,43,0,0,0,0,1
0,0,2,36,0,1912,0,2,0
2,1,2,26,0,0,0,0,1
2,1,0,29,0,224,0,0,1
1,1,2,21,0,0,0,0,1
1,1,0,30,0,0,0,0,1
2,0,0,23,0,71,1376,0,0
1,1,2,13,0,0,0,0,1
0,0,2,22,0,735,173,0,0
0,1,1,25,0,0,0,0,0
0,0,2,52,0,2,800,0,0
0,0,2,22,0,0,18,0,1
1,0,0,31,0,0,4058,4094,0
2,0,2,23,0,3211,243,0,0
0,0,1,35,0,22,1179,0,0
1,1,2,26,0,0,0,0,1
1,1,2,14,0,0,0,0,1
1,0,0,39,0,0,0,310,0
1,0,2,8,0,0,0,0,1
0,1,1,29,0,0,0,0,1
0,1,1,15,0,0,0,0,1
0,1,2,48,0,0,0,0,1
0,0,2,9,0,0,0,0,0
0,0,2,25,0,0,909,0,0
1,1,2,13,0,0,0,0,1
1,1,0,25,0,0,0,0,1
1,0,2,27,0,69,0,4232,0
1,1,2,32,0,0,0,0,1
1,0,0,20,0,0,99,14,1
1,0,0,40,0,6103,860,13117,0
0,0,2,18,0,0,73,2134,0
0,0,2,21,0,0,901,3,0
0,0,2,38,0,190,616,0,1
1,0,0,62,0,362,46,104,1
0,1,2,23,0,0,0,0,1
2,0,2,48,1,2191,172,1,0
2,1,2,27,0,0,0,0,0
2,1,0,32,0,0,0,0,1
2,0,2,53,0,0,0,0,0
0,0,2,26,0,0,1,0,1
2,1,2,46,0,224,0,0,1
0,0,2,32,0,0,31,5,0
0,0,2,40,0,862,0,0,0
2,0,2,27,0,725,1660,0,1
0,0,2,28,0,0,0,1,1
1,1,2,29,0,0,0,0,1
2,1,2,37,0,0,0,0,1
2,0,2,0,0,0,0,0,1
2,0,2,12,0,0,0,0,1
1,0,2,25,0,0,0,2585,0
2,0,2,28,0,473,575,0,0
2,0,2,3,0,0,0,0,1
2,0,2,9,0,0,0,0,1
1,0,0,27,0,146,490,0,1
1,0,2,59,0,0,0,0,1
1,0,2,24,0,0,0,0,0
0,1,2,16,0,0,0,0,1
2,0,2,16,0,501,1164,0,0
1,1,2,46,0,0,0,0,1
0,0,1,25,0,0,0,1483,0
0,0,2,39,0,130,0,0,0
0,0,2,15,0,0,0,938,0
0,0,0,16,0,43,750,0,1
2,0,2,35,0,1719,1015,0,1
2,0,0,43,0,528,1583,11,0
2,1,2,7,0,0,0,0,1
0,1,2,29,0,0,0,0,1
1,0,2,60,0,0,46,854,0
0,0,2,49,0,173,18,580,0
2,0,2,50,0,118,1041,0,1
1,0,2,40,0,0,0,2814,0
2,1,2,49,0,0,0,0,1
2,0,2,18,0,1988,95,0,0
2,1,2,29,0,0,0,0,1
2,0,2,56,1,995,177,0,0
0,1,1,29,0,0,0,0,1
0,0,2,29,0,0,0,5,0
1,0,2,22,0,0,2090,100,1
1,1,0,24,0,0,0,311,1
1,0,2,23,0,69,0,0,1
1,0,2,28,1,0,0,928,1
1,1,0,19,0,0,0,0,1
1,0,2,32,0,0,0,8330,0
0,0,2,37,0,0,0,0,1
0,0,2,26,0,0,677,1,0
0,0,2,43,0,1944,657,0,1
0,0,2,25,0,439,0,557,0
0,0,2,11,0,0,0,0,0
0,0,2,4,0,0,0,0,1
0,1,2,32,0,0,0,0,1
0,0,2,15,0,9,4,0,1
0,1,2,17,0,0,0,0,1
1,1,0,37,0,0,0,0,1
0,0,2,20,0,559,83,112,1
2,0,2,47,0,160,1232,36,1
2,0,0,16,0,1228,450,446,0
0,1,2,8,0,0,0,0,1
0,0,2,22,0,245,0,661,0
2,0,2,39,0,9,687,0,1
1,1,0,57,0,0,0,0,1
1,1,2,29,0,0,0,0,1
1,1,0,28,0,0,0,0,1
0,0,2,70,0,28,0,672,0
1,1,2,13,0,0,0,0,1
1,0,2,49,0,0,0,797,1
0,0,0,25,0,0,851,19,0
1,1,0,19,0,0,0,0,1
1,1,0,15,0,0,0,0,1
1,0,2,37,0,26,9,0,1
1,1,2,28,0,0,0,0,1
2,0,2,28,0,1998,13,87,0
0,0,2,22,0,969,23,134,0
1,0,2,26,0,135,7,34,1
0,0,1,25,0,60,0,0,0
0,0,2,19,0,0,0,804,0
2,0,2,20,0,3839,1967,4,0
0,0,0,35,0,0,631,0,0
0,0,2,37,0,951,0,80,0
1,0,0,37,0,0,0,5697,0
0,0,2,13,0,0,682,0,0
0,0,1,20,0,0,0,0,0
2,0,2,65,0,3358,12,0,0
2,0,2,29,0,456,363,0,0
1,0,2,0,0,0,0,0,1
1,0,2,4,0,0,0,0,1
1,1,2,19,0,0,0,0,1
1,1,0,17,0,0,0,0,1
1,0,0,28,0,0,0,33,1
1,0,0,28,0,0,0,1538,0
0,0,2,21,0,0,0,43,0
0,0,1,45,0,1,44,0,0
0,0,2,21,0,27,782,0,1
0,1,1,20,0,0,0,0,1
0,0,2,38,0,0,3,0,1
0,0,0,24,0,0,0,4,1
0,0,2,22,0,712,70,0,0
0,0,2,44,0,3,33,769,1
0,0,1,41,0,0,0,0,0
0,1,2,21,0,0,0,0,1
2,0,2,26,0,1967,116,311,0
2,1,2,54,0,0,0,0,1
2,0,2,19,0,1962,1,641,0
0,0,2,32,0,0,0,0,0
0,1,2,28,0,0,0,0,1
1,0,2,26,0,554,32,93,0
1,0,2,28,0,0,0,186,1
0,0,1,21,0,1,0,649,0
1,0,0,38,0,0,0,3587,0
1,1,2,43,0,0,0,0,1
0,0,2,12,0,0,0,0,0
0,1,2,25,0,0,0,0,0
0,1,2,27,0,0,0,0,1
1,1,2,22,0,0,0,0,1
1,0,2,20,0,0,1690,580,0
0,0,0,24,0,0,618,0,0
0,0,0,34,0,0,175,79,0
2,0,2,42,0,1058,0,0,0
2,0,2,24,0,2261,95,10,0
0,0,2,28,0,0,285,136,0
2,0,2,29,0,907,0,142,0
1,1,2,31,0,0,0,0,1
0,0,2,29,0,888,1,0,0
0,0,0,14,0,224,400,297,0
0,0,0,16,0,0,1211,0,1
0,1,1,16,0,0,0,0,1
1,0,2,27,0,0,659,485,1
1,0,2,28,0,0,0,726,0
0,0,2,23,0,779,9,9,0
0,0,2,16,0,418,100,88,0
0,0,2,30,0,0,0,0,1
0,0,2,24,0,468,163,0,0
0,1,2,36,0,0,0,0,1
1,0,0,25,0,0,20,24,1
1,1,2,29,0,0,0,0,1
0,1,1,21,0,0,0,0,0
0,1,2,26,0,0,0,0,1
2,0,2,30,0,0,0,0,0
0,0,2,31,0,0,717,0,0
0,0,2,20,0,0,957,0,0
0,1,2,28,0,0,0,0,1
0,1,0,33,0,0,0,0,1
1,0,2,35,0,0,6,8,1
1,0,2,46,0,0,0,2,0
0,1,2,63,0,0,0,0,1
1,0,0,37,0,0,0,36,0
0,0,2,23,0,26,404,0,1
0,0,0,5,0,0,0,0,1
0,1,2,16,0,0,0,0,1
0,0,2,20,0,0,2330,120,1
0,1,1,49,0,0,0,0,0
0,0,2,3,0,0,0,0,1
0,0,2,41,0,0,414,133,0
2,0,2,28,0,1216,30,43,0
0,1,2,14,0,0,0,0,1
2,0,2,26,0,782,0,2503,0
0,1,2,51,0,0,0,0,0
0,0,1,36,0,56,81,0,0
0,1,2,16,0,0,0,0,1
2,1,2,18,0,0,0,0,1
0,1,1,48,0,0,173,0,0
2,0,2,24,0,235,1642,1042,0
2,0,0,19,0,1043,138,0,0
0,1,0,21,0,0,0,0,1
0,0,2,24,0,332,356,0,0
0,1,2,21,0,0,0,0,1
0,0,2,13,0,0,0,0,1
2,0,2,39,0,42,352,1,0
1,0,0,27,0,0,0,0,1
0,0,1,23,0,64,0,1125,0
1,0,0,43,0,0,0,3409,0
2,0,2,19,0,3332,926,781,0
2,1,0,30,0,0,173,0,1
0,1,2,52,0,0,0,0,1
0,0,2,35,0,2224,105,1,0
0,0,2,16,0,4,0,35,1
0,0,2,21,0,0,0,720,0
0,0,1,45,0,0,0,0,0
0,0,2,22,0,0,0,663,0
0,1,0,28,0,0,0,0,0
0,0,2,0,0,0,0,0,1
0,0,1,63,0,526,0,0,0
0,0,1,56,0,1,0,102,0
0,1,2,40,0,0,0,0,1
0,1,2,1,0,0,0,0,1
0,0,2,24,0,0,3,797,0
0,0,2,36,0,21,844,0,0
0,0,2,13,0,244,100,423,0
0,0,0,13,0,0,0,37,0
0,1,0,37,0,0,0,0,1
0,0,2,44,0,143,0,717,0
1,1,2,32,0,0,0,0,1
1,0,0,57,0,0,0,0,1
0,0,0,26,0,0,0,0,0
2,0,2,62,0,453,1911,0,0
2,1,0,2,0,0,0,0,1
2,1,2,1,0,0,0,0,1
0,0,2,24,0,590,1,168,0
0,1,2,1,0,0,0,0,1
0,0,2,63,0,0,0,125,0
1,0,2,20,0,1040,0,174,1
0,0,2,15,0,0,267,311,0
0,1,2,32,0,0,0,0,1
0,0,2,24,0,61,185,1,1
0,1,2,32,0,0,0,0,0
1,0,2,36,0,10,2080,19,1
0,1,1,13,0,0,0,0,1
1,1,2,29,0,0,0,0,1
1,0,2,27,0,0,0,0,0
1,1,2,30,0,0,0,0,1
1,0,0,27,0,0,4761,5,1
1,0,2,14,0,0,40,219,0
1,0,2,32,1,527,0,417,0
1,0,0,33,1,0,12,2349,0
0,0,2,35,0,3,651,0,1
0,0,0,21,0,301,19,0,0
0,0,2,57,0,906,0,8293,0
1,0,2,42,0,159,2,3,1
0,0,0,20,0,0,552,20,1
2,1,2,18,0,0,0,0,1
1,0,0,49,0,0,0,13016,0
0,0,1,23,0,0,0,0,0
2,0,2,24,0,1058,0,280,0
0,0,2,24,0,0,0,0,0
0,0,0,23,0,9,0,492,1
0,0,2,24,0,0,21,0,0
0,1,1,26,0,0,0,0,0
1,1,0,28,0,0,0,0,1
0,0,1,17,0,0,2,0,0
0,0,2,20,0,415,0,1019,0
0,0,2,22,0,0,0,0,0
1,1,0,23,0,0,0,0,1
1,1,0,22,0,0,0,0,1
0,0,2,29,0,3,664,683,0
1,0,2,28,0,0,0,1368,0
1,1,2,31,0,0,173,0,1
1,0,0,37,0,1,1,9206,0
1,0,0,44,0,0,3,153,1
1,0,0,34,0,0,1,131,0
0,0,0,23,0,602,0,0,0
0,0,2,18,0,457,11,335,0
0,1,1,18,0,0,0,0,1
0,0,2,23,0,224,482,311,0
0,0,2,18,0,0,0,0,0
2,0,2,22,0,0,1128,0,0
2,0,2,10,0,0,0,0,1
2,1,2,28,0,0,0,0,0
2,0,2,31,0,907,437,2,0
0,1,2,48,0,0,0,0,0
1,0,0,51,1,0,0,1442,1
2,1,1,25,0,0,0,0,1
2,0,2,32,0,288,592,670,0
0,0,2,8,0,0,0,0,1
0,1,1,49,0,0,0,0,1
0,0,1,28,0,0,0,669,0
2,0,2,3,0,0,0,0,1
2,0,2,28,0,0,0,0,1
2,1,2,31,0,0,0,0,1
2,0,2,11,0,0,0,0,1
2,1,2,27,0,0,0,0,1
2,0,2,33,0,1631,754,0,0
1,1,1,32,0,0,0,0,1
0,1,2,20,0,0,0,0,1
1,0,2,33,0,0,0,1537,0
0,0,2,65,0,43,22,50,0
2,1,2,18,0,0,0,0,1
2,0,2,19,0,862,5,2032,0
1,0,0,33,0,0,0,1743,1
0,0,2,28,0,0,793,0,1
0,1,1,31,0,0,0,0,0
0,1,2,37,0,0,0,0,1
0,1,1,19,0,0,0,0,1
0,0,2,18,0,0,773,0,0
1,1,0,47,0,0,0,0,1
1,0,2,26,0,0,0,662,0
1,0,2,25,0,0,0,27,1
0,0,2,38,0,102,14,669,0
0,0,2,53,0,3,0,95,1
0,0,2,38,0,0,0,453,0
2,1,2,28,0,0,173,0,1
0,0,2,46,0,438,944,0,0
0,0,2,18,0,3,0,0,1
1,1,2,14,0,0,0,0,1
1,0,2,32,0,0,29,662,0
1,0,2,44,0,0,16,72,0
0,1,1,28,0,0,0,0,1
1,0,2,2,0,0,0,0,1
1,0,2,28,0,0,46,5248,0
1,1,2,27,1,0,0,0,1
1,1,2,29,0,0,0,0,1
0,1,0,14,0,0,0,311,1
0,0,2,14,0,0,766,0,0
0,1,2,17,0,0,0,0,1
0,0,2,35,0,150,96,638,1
0,0,2,36,0,0,0,177,0
2,0,2,51,0,106,115,311,0
0,0,2,54,0,1,109,311,0
1,0,2,37,0,300,0,1,1
0,0,2,37,0,541,713,316,0
0,0,2,24,0,1,0,0,1
2,0,2,28,0,1030,158,0,0
0,0,2,38,0,622,42,1,0
0,1,2,28,0,0,0,0,1
0,0,2,0,0,0,0,0,1
0,0,2,16,0,23,0,0,0
0,0,2,25,0,0,879,0,0
0,0,0,22,0,30,690,41,1
2,1,2,24,0,0,0,0,1
0,0,1,37,0,501,179,1,1
2,0,2,21,0,21,874,226,1
1,0,2,53,0,0,0,0,1
1,0,2,0,0,0,0,0,1
1,1,2,2,0,0,0,0,0
1,1,2,64,0,0,0,0,1
1,0,2,24,0,0,5,795,0
1,1,2,40,0,0,0,0,1
1,0,2,32,0,0,0,6953,0
1,0,0,54,1,0,1,2038,0
0,1,2,30,0,0,0,0,1
1,0,0,37,0,0,130,1488,0
2,0,2,20,0,3191,211,21,0
2,0,2,22,0,741,1028,0,0
0,0,1,57,0,0,0,664,0
0,1,2,34,0,0,0,0,1
1,0,2,51,0,0,273,2775,0
2,1,2,47,0,0,0,0,0
0,0,2,22,0,593,0,0,0
1,0,2,36,0,0,511,89,0
0,1,2,16,0,0,0,0,1
2,0,2,60,0,180,414,1181,0
2,0,2,39,0,197,2401,0,1
2,0,2,18,0,49,2885,1,1
1,1,0,30,0,0,0,0,1
2,0,2,45,0,1781,17,0,0
0,0,2,30,0,0,0,0,0
0,0,2,21,0,1046,0,1,0
2,0,2,0,0,0,0,0,1
2,0,0,51,0,40,1907,0,1
2,0,2,22,0,100,1050,0,0
1,0,2,26,0,0,0,690,1
0,0,2,10,0,0,0,0,0
0,0,2,21,0,42,1,38,0
0,1,0,14,0,0,0,0,1
0,0,2,28,0,0,12,0,0
0,0,2,43,0,473,0,0,1
0,0,1,22,0,28,2,0,1
0,0,2,22,0,401,196,0,0
0,1,1,23,0,0,0,0,1
1,1,2,25,0,0,0,0,1
1,0,2,35,0,0,0,0,1
0,0,2,30,0,0,0,27,0
0,1,2,37,0,0,0,0,1
0,0,0,21,0,61,222,161,0
0,0,0,36,0,207,450,94,1
0,0,2,13,0,305,12,19,0
0,0,0,22,0,0,0,52,0
0,1,2,36,0,0,173,0,1
0,0,2,17,0,224,795,0,1
1,1,0,38,0,0,0,0,1
2,0,2,34,0,5959,3,0,0
2,0,2,20,0,0,0,0,1
0,0,2,17,0,224,49,74,0
0,1,1,36,0,0,0,0,1
1,0,0,52,0,360,8,641,1
1,1,0,32,0,0,0,0,1
1,1,0,35,0,0,0,0,1
1,1,0,28,0,0,0,0,1
1,0,2,36,0,83,0,2160,0
1,0,2,36,0,31,31,1400,0
2,0,0,21,0,224,0,1,0
2,0,2,33,0,627,171,254,0
0,0,2,40,0,678,229,0,0
0,0,2,24,0,185,478,29,1
0,0,2,35,0,0,885,0,1
2,1,2,29,0,0,0,0,1
2,0,2,33,0,728,285,0,0
0,0,2,51,0,3,12,38,0
2,1,2,10,0,0,0,0,1
0,1,2,41,0,0,0,0,1
0,0,0,26,0,1,0,0,1
0,0,2,39,0,19,0,678,0
2,0,2,14,0,738,297,0,0
2,0,2,28,0,1059,6,117,0
0,0,2,18,0,0,0,0,0
2,0,2,41,0,2754,21,0,0
1,0,2,33,0,0,0,311,1
0,0,2,26,0,814,29,16,0
2,1,2,31,0,0,0,0,1
0,0,2,63,0,0,424,0,0
0,0,2,30,0,0,547,311,0
1,0,2,27,0,15,0,249,1
0,0,2,47,0,2916,14,63,0
2,0,2,37,0,1413,584,3,1
0,0,2,14,0,399,458,506,0
0,0,2,27,0,0,8,129,0
2,0,2,61,0,1711,0,0,0
0,0,2,39,0,2,0,2,0
0,0,2,22,0,0,787,1,0
0,0,2,30,0,2,5,1,0
0,0,2,26,0,0,902,0,0
1,0,2,25,0,0,0,1823,0
2,0,2,42,0,1318,1386,311,0
1,0,2,33,0,0,0,15586,0
1,0,2,60,0,0,0,484,0
0,1,0,16,0,0,0,0,1
0,0,2,50,0,0,0,1,1
0,0,2,22,0,0,1,95,0
0,0,1,15,0,0,9,0,0
2,0,2,27,0,0,0,0,0
0,0,0,58,0,0,2,0,0
0,1,2,48,0,0,0,0,1
1,1,0,36,0,0,0,311,1
1,0,2,60,0,0,0,5458,0
1,1,2,46,0,0,0,0,1
1,0,2,58,0,0,2,128,1
0,1,2,40,0,0,0,0,0
0,1,2,3,0,0,0,311,1
0,0,0,23,0,3,2,61,0
0,0,1,21,0,0,0,75,1
0,1,0,29,0,0,0,0,1
1,1,0,23,0,0,0,0,1
1,1,0,41,0,0,0,0,1
0,0,2,20,0,0,0,16,0
0,0,2,24,0,821,0,68,0
2,0,2,21,0,2611,103,4,0
2,0,2,55,0,1236,52,0,0
0,0,2,21,0,0,2,0,0
0,1,0,42,0,0,0,0,1
0,0,2,40,0,2,0,1695,0
2,1,2,30,0,0,0,0,1
1,1,2,26,0,0,0,0,1
0,1,1,43,0,0,0,0,0
0,0,2,20,0,9,1540,0,0
0,0,1,19,0,40,77,572,0
1,0,2,40,0,0,761,12,1
0,1,1,17,0,0,0,0,1
0,0,2,62,0,240,0,586,0
0,1,2,32,0,0,0,311,0
0,1,2,37,0,0,0,0,0
0,0,2,40,0,0,0,7,0
0,0,0,25,0,0,21,0,0
1,1,0,17,0,0,0,0,1
1,1,2,46,0,0,0,0,1
1,0,2,38,0,4,0,3682,0
1,0,0,43,1,0,0,0,0
1,0,0,28,0,6,3944,987,1
1,1,2,31,1,0,0,0,1
1,1,1,35,0,0,0,0,1
0,0,2,19,0,105,1,377,1
0,0,2,24,0,0,217,0,0
2,0,0,20,0,0,173,0,0
1,0,2,16,0,0,3,27,1
1,1,0,45,0,0,0,0,1
0,0,2,19,0,294,536,0,0
0,0,2,23,0,0,311,0,1
0,0,2,19,0,0,801,0,0
2,0,2,32,0,193,1116,0,0
0,0,2,41,0,85,0,0,1
0,0,2,30,0,1110,439,5,0
1,0,0,41,0,0,214,5287,0
2,0,2,7,0,0,0,0,1
0,0,2,39,0,1,0,6,1
0,0,2,47,0,0,805,0,1
0,0,2,21,0,550,61,4,0
0,1,2,29,0,0,0,0,1
0,0,2,19,0,879,0,10,0
2,0,2,50,0,0,0,0,1
1,0,2,28,0,0,4,1915,0
2,0,2,38,0,1126,23,34,0
0,0,1,24,0,549,201,0,0
1,0,0,31,0,224,0,170,0
1,1,2,38,0,0,0,0,1
1,1,0,26,0,0,0,0,1
0,0,2,28,0,0,0,0,0
1,1,0,45,0,0,0,0,1
1,1,2,47,0,0,0,0,1
1,1,2,60,0,0,0,0,1
0,0,0,42,0,0,30,409,1
0,0,2,43,0,20,726,311,0
0,1,1,17,0,0,0,0,0
0,1,2,17,0,0,173,0,0
0,1,2,20,0,0,0,0,0
0,0,2,18,0,960,0,0,0
2,0,2,24,0,224,299,814,0
0,0,0,25,0,244,40,294,0
0,0,1,20,0,120,0,932,0
0,0,2,23,0,509,193,0,0
1,1,2,48,0,0,0,0,1
1,0,0,26,0,286,575,213,1
1,1,0,36,0,0,0,311,1
1,1,0,27,0,0,0,0,1
1,0,0,41,0,0,0,758,1
0,1,2,21,0,0,0,0,1
2,0,2,71,0,1243,5,16,0
0,1,2,64,0,0,0,0,0
1,0,2,33,0,0,0,1249,0
0,0,0,24,0,786,0,309,1
1,1,2,35,0,0,0,0,1
0,1,1,13,0,0,0,0,1
0,1,2,11,0,0,0,0,1
2,1,2,28,0,0,0,0,1
2,1,2,43,0,0,0,0,1
2,1,2,36,0,0,0,0,1
0,0,1,22,0,27,0,663,0
1,0,2,56,0,0,0,0,1
2,1,2,34,0,0,0,0,1
0,0,2,46,0,0,1,0,0
2,0,1,43,0,244,358,160,1
0,0,0,25,0,0,0,0,1
1,0,2,26,0,36,0,2287,0
0,0,0,14,0,0,16,1234,0
0,0,2,63,0,174,321,8,1
2,0,2,29,0,558,386,355,0
2,1,1,45,0,0,0,0,1
0,1,2,15,0,0,0,311,1
2,0,2,19,0,193,2956,0,1
0,0,2,53,0,2,425,0,0
2,0,2,45,0,2,1110,9,0
1,0,0,41,0,0,0,2,1
2,0,2,68,1,523,859,201,0
2,1,2,5,0,0,0,0,1
2,0,2,27,1,30,910,0,1
0,0,0,20,0,30,1121,0,1
0,0,2,54,1,1770,228,0,0
0,0,2,18,0,0,0,484,0
1,0,0,45,0,66,0,0,1
1,1,2,26,0,224,0,0,1
1,0,2,37,0,1577,0,1014,1
0,0,2,30,0,0,0,690,0
2,0,2,51,1,511,291,4212,0
2,1,2,3,0,0,0,0,1
2,1,2,3,0,0,0,0,1
0,0,2,19,0,2110,0,0,0
0,0,2,19,0,0,0,0,0
0,0,2,6,0,0,0,0,1
0,0,0,4,0,0,0,0,1
1,0,2,23,0,3580,103,311,0
0,0,2,37,0,1442,0,3,0
2,0,0,18,0,1092,208,150,0
0,0,1,29,0,5,173,0,0
0,0,2,25,0,0,0,2,0
0,0,2,52,0,0,47,2059,0
2,1,2,24,0,0,0,0,0
2,0,2,0,0,0,173,0,1
0,0,1,25,0,15,0,635,0
1,1,2,26,0,0,0,0,1
1,0,1,32,1,2502,1104,13902,0
0,0,2,58,0,1366,0,0,0
0,0,2,44,0,657,103,0,0
0,0,2,41,0,0,0,0,0
0,0,2,24,0,0,643,167,1
0,1,2,41,0,0,0,0,1
0,1,1,23,0,0,0,0,1
1,0,2,27,0,390,0,2809,0
1,1,0,61,0,0,0,0,1
0,0,2,18,0,0,2,13,1
0,1,2,18,0,0,0,0,1
1,1,2,28,0,0,0,0,1
1,1,0,15,0,0,0,0,1
0,0,0,12,0,0,0,0,1
0,0,1,40,0,420,345,1,0
0,0,2,19,0,122,0,480,1
2,1,2,18,0,0,0,0,1
1,0,2,48,1,313,0,0,0
1,0,0,37,0,18,0,1229,0
0,0,2,35,0,4,0,0,0
0,0,2,29,0,0,702,0,0
0,0,2,54,0,118,0,669,0
0,1,2,28,0,0,0,0,0
0,0,2,22,0,0,1468,2,1
0,1,1,18,0,0,0,0,1
0,0,2,26,0,0,97,43,1
0,0,1,19,0,10,0,0,0
0,0,2,22,0,0,441,0,0
1,0,2,17,0,0,0,0,1
0,0,2,18,0,388,0,66,0
2,1,0,39,0,0,0,0,1
1,0,2,37,0,2,0,50,1
1,1,0,17,0,0,173,0,1
1,0,0,25,0,0,0,125,0
1,0,2,9,0,0,0,0,1
0,1,0,15,0,0,0,0,0
0,0,2,19,0,380,416,0,0
2,0,2,18,0,3591,158,0,0
2,0,2,50,1,828,572,1367,0
0,1,2,14,0,0,0,0,0
0,1,1,19,0,0,0,0,0
1,1,0,33,0,0,0,0,1
1,0,2,23,0,30,1,49,1
1,0,2,39,0,2,0,311,0
0,0,1,14,0,80,0,1323,0
0,0,0,14,0,653,4,0,0
0,0,1,45,0,1,56,613,1
0,1,2,22,0,0,0,0,1
2,0,2,36,0,32,1826,9,1
1,0,2,19,0,0,0,0,1
1,1,2,59,0,0,0,0,1
0,0,2,31,0,0,0,19,0
1,1,0,31,0,0,0,0,1
1,0,2,39,0,8209,432,3560,0
1,0,2,28,0,0,1309,18,1
1,1,2,19,0,0,0,0,1
1,0,2,29,0,220,0,7,1
0,1,0,0,0,0,0,0,1
0,0,0,15,0,0,0,0,1
0,0,2,18,0,0,0,1586,0
1,1,0,49,0,0,0,0,1
0,0,2,36,0,0,661,0,1
1,1,0,40,0,0,0,0,1
1,1,2,56,0,0,0,0,1
0,1,1,67,0,0,0,0,1
0,0,2,44,0,0,135,225,0
0,0,2,17,0,214,0,241,0
2,1,2,27,0,0,0,0,1
2,0,2,23,0,463,658,0,0
2,0,0,28,0,2484,42,0,0
2,1,2,54,0,0,0,0,1
2,1,2,26,0,0,0,0,1
1,0,0,40,1,0,0,1503,0
1,1,2,39,0,0,0,0,1
1,1,0,40,0,0,0,0,1
0,0,1,20,0,11,0,0,1
0,0,2,18,0,761,27,0,1
2,0,2,17,0,3651,2228,38,0
1,1,0,35,0,0,0,0,1
0,0,2,31,0,0,185,584,0
0,0,2,40,0,0,84,798,0
1,1,1,50,0,0,0,0,1
0,0,2,21,0,0,114,2,0
0,0,2,29,0,767,9,0,0
1,0,0,63,0,0,4,519,1
2,0,2,19,0,37,1288,0,1
2,0,2,36,0,1103,0,0,0
0,0,0,48,0,0,115,1,0
1,0,2,33,0,81,481,505,0
2,0,2,28,0,2703,4,1,0
0,0,2,39,0,0,0,847,0
0,1,2,27,0,0,0,0,1
1,1,0,58,0,0,0,0,1
1,1,0,44,0,0,0,311,1
0,1,2,23,0,0,0,0,1
0,0,0,21,0,618,1,2,1
1,0,0,53,0,8,0,2723,0
1,1,2,14,0,0,0,0,1
0,1,1,17,0,0,0,0,1
1,0,0,25,0,0,1025,189,1
1,0,0,44,1,3010,0,62,0
1,0,0,24,0,145,0,5,1
0,0,2,24,0,0,127,639,0
0,1,2,24,0,0,0,0,1
0,1,2,0,0,0,0,0,1
0,1,0,7,0,0,0,0,0
0,1,1,3,0,0,0,0,1
0,0,2,18,0,711,0,83,1
0,1,2,4,0,0,0,0,0
1,1,0,40,0,0,0,0,1
0,1,2,16,0,0,0,0,0
1,1,0,25,0,0,0,0,1
0,1,2,10,0,0,0,0,1
0,1,2,40,0,0,0,0,1
2,1,2,19,0,0,0,0,1
1,1,0,15,0,0,0,0,1
0,0,2,24,0,224,136,37,0
2,1,2,21,0,0,0,0,1
0,0,2,29,0,0,31,700,0
2,0,2,37,1,2771,6,1,0
0,1,1,49,0,0,0,0,0
0,0,2,42,0,1132,0,77,0
0,1,2,54,0,0,0,0,1
0,1,2,33,0,0,0,0,0
1,0,2,27,0,0,0,7786,0
0,1,2,53,0,0,0,0,0
0,0,2,28,0,0,58,0,1
1,0,2,24,0,812,0,1,1
0,0,1,20,0,0,8,1,0
0,0,2,0,0,0,0,0,0
0,0,2,24,0,0,0,597,0
0,0,2,28,0,0,0,0,1
2,1,2,42,0,0,0,0,1
1,0,0,32,1,0,0,3204,0
1,0,2,36,0,0,0,68,1
1,0,2,40,0,0,0,0,1
0,0,2,30,0,574,173,25,0
2,0,2,34,0,751,185,0,0
2,0,2,37,0,1000,80,40,0
1,0,2,41,0,0,0,0,1
1,1,0,25,0,0,0,0,1
2,0,2,39,0,332,728,2,1
0,0,0,0,0,0,0,0,1
2,0,2,54,0,1144,2,2,0
0,1,2,16,0,0,0,0,0
0,0,2,0,0,0,0,0,1
0,1,2,13,0,0,173,0,1
2,0,2,46,0,5888,13,12,0
0,0,2,23,0,40,9,318,0
0,0,2,18,0,110,471,11,0
0,0,1,27,0,2647,0,42,0
0,1,1,24,0,0,0,0,0
1,0,2,27,0,118,4127,118,1
0,0,2,24,0,0,0,1624,0
1,0,2,25,1,1,0,0,1
1,1,2,30,0,0,0,0,1
0,0,2,19,0,0,62,24,0
0,0,0,18,0,1,305,347,0
1,1,0,49,0,0,0,0,1
0,0,2,64,0,0,0,563,0
2,1,2,26,0,0,0,0,1
0,0,0,53,0,0,754,46,0
2,0,2,27,0,83,2621,5,1
1,1,2,27,0,0,0,0,1
2,0,2,25,0,338,32,15,0
0,0,0,33,0,0,0,436,1
1,0,2,27,0,0,0,40,0
1,1,0,20,0,0,0,0,1
1,1,0,39,0,0,0,0,1
2,0,2,27,0,1730,379,5,0
2,1,2,19,0,0,0,0,1
0,0,2,22,0,60,0,0,0
0,0,2,3,0,0,0,0,0
0,0,2,24,0,9,9,0,0
2,1,2,41,0,0,0,0,1
2,1,2,18,0,0,0,0,1
0,0,2,63,0,0,0,777,0
1,0,2,19,0,0,0,617,0
1,1,2,39,0,0,0,0,1
1,1,0,28,0,0,0,0,1
2,0,2,41,0,688,1880,0,0
1,0,2,44,0,18,0,279,0
1,0,2,39,1,0,0,1012,0
2,1,0,29,0,0,0,0,1
2,0,2,37,0,416,1912,0,0
1,1,0,41,0,0,0,0,1
0,0,1,18,0,0,0,746,0
0,1,0,28,0,0,0,0,0
1,0,0,55,0,1,34,542,1
0,1,2,21,0,0,0,0,1
1,1,2,28,0,0,0,0,1
1,0,2,43,0,0,0,153,1
0,0,1,32,0,0,0,0,0
0,0,2,23,0,1,0,237,1
0,1,0,5,0,0,0,0,1
0,0,0,14,0,325,19,506,0
0,0,2,24,0,1405,14,2,0
0,1,1,22,0,0,0,0,1
0,0,2,14,0,0,239,127,1
0,0,2,20,0,98,0,142,0
0,0,2,17,0,527,37,290,0
0,0,0,20,0,748,0,0,0
0,0,2,22,0,0,692,18,1
0,1,2,15,0,0,0,0,1
2,0,0,67,0,1146,39,0,1
1,0,0,28,0,7,0,4,0
1,0,2,57,0,0,0,5491,0
0,1,1,21,0,0,0,0,1
2,0,2,34,0,1199,346,0,0
2,1,2,17,0,0,0,0,0
0,0,0,33,0,0,615,9,1
1,0,0,33,0,0,31,8493,0
1,0,2,28,0,0,0,778,0
2,1,2,18,0,0,0,0,1
2,1,2,28,0,0,0,0,1
0,0,2,13,0,406,52,0,0
0,0,2,38,0,0,0,45,0
1,0,0,39,0,258,0,311,0
1,1,2,18,0,0,0,0,1
0,0,1,43,0,0,110,538,0
0,0,2,32,0,224,0,304,0
0,1,2,29,0,0,0,0,0
2,0,0,45,0,810,132,198,0
2,1,2,25,0,0,0,0,1
0,0,0,64,0,19,208,0,0
0,0,2,18,0,0,0,0,0
0,0,2,44,0,358,0,0,0
0,1,2,15,0,0,173,0,1
0,0,0,21,0,1720,0,1,0
2,0,2,33,0,166,419,201,0
0,0,0,3,0,0,0,0,0
0,1,0,19,0,0,0,0,1
0,0,2,37,0,0,0,0,0
0,0,0,24,0,0,0,0,0
0,0,2,26,0,0,53,311,0
2,1,2,26,0,0,173,0,1
2,1,2,26,0,0,0,0,1
0,0,2,22,0,769,0,1,0
2,0,2,26,0,1333,50,0,0
0,0,2,27,0,0,0,740,0
0,0,1,27,0,0,0,0,1
0,0,1,37,0,0,0,0,1
0,1,2,22,0,0,0,0,0
0,0,0,24,0,0,809,0,1
0,0,2,23,0,535,17,0,0
0,0,1,18,0,0,0,993,0
0,1,2,28,0,0,0,0,0
0,1,2,4,0,0,0,0,1
0,1,1,23,0,0,0,0,1
0,1,1,2,0,0,0,0,1
0,0,2,46,0,0,0,17,0
0,0,2,0,0,0,0,0,0
2,0,2,16,0,1095,54,0,0
2,0,2,19,0,1823,81,0,0
1,0,0,34,0,0,6,2445,0
1,0,2,34,0,11,0,1013,1
0,0,2,24,0,482,349,19,0
0,1,1,28,0,0,0,0,0
1,1,0,44,0,0,0,0,1
1,1,2,35,0,0,0,0,1
0,0,2,20,0,0,0,0,0
0,0,1,18,0,328,0,24,0
0,0,1,43,0,6,0,5250,0
0,0,1,48,0,0,501,242,0
2,0,2,46,0,52,1185,61,1
2,1,2,75,0,0,0,0,1
1,1,0,24,0,0,0,0,1
0,0,2,34,0,0,617,0,0
2,0,2,29,0,1052,635,0,0
2,1,2,46,0,0,0,0,1
0,0,2,22,0,558,0,0,0
2,1,2,42,0,0,0,0,0
2,1,2,46,0,0,0,0,1
0,0,2,15,0,0,0,981,0
0,0,2,42,0,1227,14,0,0
2,0,2,31,0,166,297,835,0
2,1,2,9,0,0,0,0,1
0,0,2,34,0,0,0,156,0
0,0,2,21,0,9,0,25,0
0,0,0,16,0,0,0,863,0
0,0,2,40,0,634,134,0,0
0,0,2,23,0,550,738,0,1
0,1,2,6,0,0,0,0,0
0,0,2,17,0,99,1967,0,1
0,0,0,37,0,19,1769,0,1
1,1,1,30,0,0,0,0,1
1,1,2,32,0,0,0,0,1
1,1,0,41,0,0,0,0,1
1,0,0,43,0,0,0,4344,0
0,0,0,17,0,6256,0,1,0
1,1,2,37,0,0,0,0,1
0,1,2,18,0,0,0,0,1
0,0,2,1,0,0,0,0,0
0,0,2,38,0,0,0,1714,0
0,0,2,25,0,131,408,196,0
0,0,2,6,0,0,0,0,0
0,1,2,1,0,0,0,0,1
0,0,1,7,0,0,0,0,1
0,0,2,24,0,569,0,12,0
0,0,2,19,0,0,0,25,1
1,1,0,26,0,0,0,0,1
0,0,2,49,0,0,0,19,0
0,0,2,18,0,0,32,0,0
0,0,2,25,0,0,71,11,0
0,0,2,46,0,248,0,4,0
0,1,2,33,0,0,0,0,0
0,0,2,10,0,0,0,0,1
0,1,2,38,0,0,0,0,1
2,0,2,23,0,1610,465,0,0
0,1,2,26,0,0,0,0,1
0,0,2,16,0,0,0,8,0
0,0,2,29,0,37,644,0,1
1,1,1,35,0,0,0,0,1
0,0,2,58,0,0,0,109,0
0,1,0,17,0,0,0,0,1
0,1,2,16,0,0,0,0,1
0,1,0,2,0,0,0,0,1
0,0,2,13,0,34,0,824,0
2,0,2,18,0,196,744,0,1
0,0,0,29,0,46,589,88,1
0,0,0,21,0,102,21,464,0
1,1,0,43,0,0,0,0,1
0,1,2,69,0,0,0,0,0
0,0,2,40,0,0,14,785,0
0,1,2,1,0,0,0,0,1
2,1,2,36,0,0,0,0,1
0,0,2,60,0,0,0,0,0
0,1,1,17,0,0,0,0,1
0,1,2,49,0,0,0,0,0
0,0,2,23,0,1,0,7,0
0,0,2,39,0,472,0,173,0
0,1,2,53,0,0,0,0,1
0,0,2,26,0,485,3958,0,1
1,0,2,31,0,0,0,2263,0
1,1,2,48,0,0,0,311,1
1,0,0,26,0,1432,0,178,0
2,1,2,25,0,0,0,0,1
1,1,0,25,0,0,0,0,1
0,0,2,30,0,4,0,0,0
0,1,2,28,0,0,0,0,1
0,1,2,23,0,0,0,0,0
0,0,2,24,0,0,106,344,0
0,0,2,47,0,397,321,0,1
0,1,2,37,0,0,0,0,0
2,1,2,24,0,0,0,0,1
0,0,2,21,0,90,817,0,0
2,1,2,42,0,0,0,0,1
0,0,2,39,0,3030,0,0,0
0,0,2,28,0,589,0,0,0
0,0,2,32,0,0,173,365,0
1,0,2,31,0,0,58,1654,0
0,1,2,13,0,0,0,0,1
0,0,2,41,0,84,6,811,1
0,0,2,21,0,7,622,0,0
0,0,2,28,0,0,0,0,0
0,0,2,9,0,0,173,0,1
1,0,2,36,0,0,0,2326,0
1,1,0,30,0,0,0,0,1
0,0,2,27,0,0,0,259,0
0,0,2,40,0,580,447,6,0
1,0,2,41,0,0,10705,9181,0
1,1,0,16,0,0,0,0,1
1,0,1,36,1,2,0,98,1
1,0,2,15,0,31,1,4732,0
1,1,2,39,0,0,0,0,1
2,1,2,21,0,0,0,0,1
0,0,1,24,0,0,604,0,1
2,0,2,28,0,1811,57,0,0
0,0,2,47,0,0,0,2330,0
0,0,2,55,0,0,159,311,0
0,1,2,28,0,0,0,0,1
0,0,0,22,0,10,624,0,1
0,1,2,26,0,0,0,0,1
2,0,2,62,0,100,38,1211,0
2,0,2,53,0,868,686,520,0
0,0,0,29,0,30,0,0,0
0,0,2,21,0,640,144,104,0
0,1,1,18,0,0,0,0,1
2,1,2,34,0,0,0,0,1
0,0,2,19,0,1,173,689,0
0,0,2,14,0,0,0,25,0
0,0,2,21,0,691,0,311,0
2,0,2,55,0,376,858,0,1
1,0,0,18,0,0,0,506,1
1,1,0,33,0,0,0,0,1
1,0,2,35,0,224,25,42,0
0,1,2,31,0,0,0,0,1
1,0,2,27,0,0,1127,2423,0
1,0,2,28,0,0,89,948,0
0,1,1,13,0,0,0,0,1
0,0,2,24,0,24,0,509,0
0,0,2,22,0,31,1,25,0
1,1,2,32,0,0,0,0,0
1,1,2,18,0,0,0,0,1
1,1,2,53,0,0,0,0,1
2,0,2,4,0,0,0,0,1
2,1,2,24,0,0,0,0,1
2,0,2,23,0,649,622,0,1
2,0,2,1,0,0,0,0,1
0,0,2,18,0,1969,310,0,1
2,0,2,21,0,838,455,0,0
2,0,2,40,0,3809,21,0,0
1,1,2,49,0,0,0,0,1
0,1,1,25,0,0,0,0,0
0,1,0,21,0,0,0,0,1
1,1,2,40,0,0,0,0,1
1,1,0,47,1,0,0,0,1
0,0,1,25,0,153,0,388,0
1,1,2,36,0,0,0,0,1
0,0,2,39,0,17,708,17,0
1,1,0,26,0,0,0,0,1
0,0,2,0,0,0,173,0,1
0,1,2,14,0,0,0,0,1
2,0,2,7,0,0,0,0,1
2,1,0,50,0,0,0,0,1
0,0,0,22,0,0,0,548,0
0,1,1,17,0,0,0,0,1
0,0,2,35,0,676,0,0,0
0,0,2,22,0,0,0,0,0
0,0,2,26,0,0,1,886,0
0,0,1,24,0,0,92,1492,1
1,0,2,59,0,0,0,98,1
2,1,2,24,0,0,0,0,1
2,0,2,17,0,0,0,0,0
2,1,2,28,0,0,0,0,1
0,1,2,38,0,0,0,0,1
1,0,2,2,0,0,0,0,1
1,0,2,36,0,0,0,5432,0
1,1,0,32,0,0,0,0,1
0,0,2,15,0,0,0,595,0
0,0,2,54,0,0,5,1268,0
2,1,2,18,0,0,0,0,1
0,0,2,22,0,668,0,0,0
0,1,2,23,0,0,0,0,0
1,0,2,14,0,0,271,199,1
1,1,2,26,0,0,0,0,1
0,0,2,73,0,16,722,2,0
1,0,2,29,0,0,0,0,1
2,1,2,29,0,0,0,0,1
0,0,2,12,0,0,0,0,0
0,0,0,27,0,31,331,0,0
0,0,2,31,0,779,3,57,0
0,1,1,26,0,224,0,0,0
1,1,0,35,0,0,0,0,1
1,1,2,25,0,0,0,0,1
1,1,2,40,0,0,0,0,1
2,1,2,18,0,0,0,0,0
2,0,2,52,0,1222,74,0,0
2,1,2,35,0,0,0,0,1
0,0,2,51,0,172,0,16,0
0,0,2,35,0,0,62,0,0
0,0,2,14,0,0,249,177,0
1,1,0,28,0,0,0,0,1
1,1,0,26,0,0,0,0,1
0,1,0,21,0,0,0,0,0
1,0,0,45,0,5,0,79,1
1,0,2,29,0,0,0,408,1
1,0,2,39,1,1,64,148,1
1,1,0,37,0,0,0,0,1
0,1,1,22,0,0,0,0,1
0,0,2,22,0,6,0,782,0
0,0,1,30,0,0,143,275,0
0,1,2,1,0,0,0,0,1
0,1,1,0,0,0,0,0,1
0,0,2,9,0,0,0,0,0
0,0,1,18,0,0,0,1,0
2,0,2,29,0,1544,206,0,0
2,0,0,52,0,224,262,1425,0
0,0,2,27,0,0,846,59,0
1,0,2,54,0,0,0,87,0
1,0,2,28,0,40,0,111,1
1,1,2,65,0,0,0,0,1
1,1,0,26,0,0,0,0,1
0,0,2,29,0,12,0,432,0
0,0,2,20,0,0,0,0,0
2,0,2,39,0,1369,960,1,0
2,1,2,37,0,0,0,0,1
0,0,2,20,0,224,0,11,0
2,1,2,40,0,0,0,0,1
2,0,2,0,0,0,0,0,1
2,1,2,33,0,0,0,0,0
2,1,2,23,0,0,0,0,1
0,0,0,32,0,1,173,9,0
0,0,2,20,0,0,0,110,0
1,1,0,60,0,0,0,0,1
0,0,2,53,0,0,716,0,1
1,1,2,26,0,0,0,0,1
1,0,0,35,0,0,0,180,0
0,0,0,19,0,355,0,0,0
1,0,0,43,0,1,173,1,0
1,0,0,29,0,2686,0,2854,0
0,0,2,20,0,721,0,0,0
0,0,2,19,0,0,134,1931,0
0,0,1,21,0,505,0,0,1
1,0,0,39,0,2,336,1,1
0,1,2,12,0,0,0,0,0
0,0,0,20,0,1842,0,0,1
0,0,2,18,0,595,7,0,0
1,0,2,31,0,224,0,6688,0
0,0,1,35,0,635,0,311,0
0,1,1,44,0,0,173,0,1
1,0,2,62,0,33,0,394,1
2,0,2,23,0,1,11,0,0
2,0,2,23,1,3,0,1677,0
0,0,2,19,0,0,1761,0,1
0,0,2,29,0,18,0,0,0
1,0,2,31,0,0,135,2075,1
1,1,0,33,1,0,0,0,1
1,0,2,41,0,0,0,433,0
1,0,2,60,0,19,0,0,1
1,1,2,41,0,0,173,0,1
1,0,2,69,1,0,0,190,0
1,0,0,44,0,9,0,633,1
1,1,0,18,0,0,0,0,1
1,0,0,26,0,0,0,3,1
0,0,2,30,0,4,442,2441,0
2,0,2,34,0,81,492,122,0
0,0,1,18,0,0,15,570,0
0,1,0,49,0,0,0,0,1
0,0,1,71,0,48,0,78,0
0,0,1,19,0,150,0,0,0
0,0,1,23,0,90,0,7,0
1,1,2,31,0,0,0,0,1
1,1,2,40,0,0,0,0,1
2,0,0,28,0,49,0,2,0
1,1,2,17,0,0,0,0,1
1,0,2,24,0,0,0,4928,0
1,1,0,54,0,0,0,0,1
0,1,2,21,0,0,0,0,0
0,1,0,2,0,0,0,0,0
0,0,0,20,0,6,0,24,1
0,0,0,20,0,97,0,301,0
1,0,0,36,0,0,0,0,1
0,1,2,25,0,0,173,0,1
1,0,0,58,0,0,0,5481,0
1,0,2,37,0,79,0,442,1
1,0,2,26,0,0,0,3803,0
0,1,2,45,0,0,0,0,0
0,0,2,44,0,0,0,0,0
2,1,2,24,0,0,0,0,1
0,1,0,13,0,0,0,0,1
0,0,2,4,0,0,0,0,1
0,0,2,24,0,381,342,0,0
0,0,0,27,0,3,0,0,0
0,0,2,39,0,44,0,6,0
0,1,2,23,0,0,0,0,0
0,0,0,4,0,0,0,0,0
0,1,2,0,0,0,0,0,0
2,1,2,22,0,0,0,0,1
2,0,2,27,0,831,0,867,0
1,1,2,22,0,0,0,0,1
1,1,0,26,0,0,0,0,1
1,0,2,60,0,0,0,4794,0
0,0,2,18,0,0,0,588,0
0,1,0,20,0,0,0,0,0
0,0,2,25,0,11,0,0,1
0,1,1,24,0,0,0,0,1
0,1,2,38,0,0,0,0,1
0,0,2,18,0,0,5,0,1
1,1,0,45,0,0,0,0,1
1,0,2,13,0,0,0,1529,0
1,0,2,28,0,0,77,0,1
1,0,2,5,0,0,0,0,1
0,0,2,20,0,0,0,3528,0
0,1,2,2,0,0,0,0,1
0,0,2,42,0,18,470,356,0
0,0,0,0,0,0,0,0,1
0,0,2,18,0,0,0,44,0
0,1,1,26,0,0,0,0,0
2,1,0,3,0,0,173,0,1
2,1,1,49,0,0,0,0,1
2,0,2,19,0,691,10,561,0
0,1,2,19,0,0,0,0,0
0,1,2,15,0,0,0,0,0
0,0,1,53,0,90,102,244,0
0,0,2,0,0,0,0,0,1
0,0,0,39,0,1663,262,229,0
0,0,2,45,0,0,2778,1910,0
0,1,2,10,0,0,0,0,1
0,0,0,1,0,0,0,0,1
0,0,2,9,0,0,0,0,1
2,0,2,40,0,953,356,0,0
0,0,2,26,0,0,0,622,0
0,0,2,18,0,1157,50,0,0
1,0,2,47,0,0,0,889,0
0,0,2,31,0,0,0,0,0
2,0,2,28,0,279,40,718,0
0,1,1,23,0,0,0,0,1
0,0,0,32,0,7,173,6,0
0,0,2,32,0,293,1,1,0
0,0,2,21,0,644,0,0,0
0,0,2,28,0,4,9,20,0
0,0,2,22,0,753,0,0,0
0,0,2,18,0,0,2,311,1
0,1,1,28,0,0,0,0,1
0,1,2,38,0,0,0,0,1
0,0,2,46,0,0,594,154,0
1,0,2,44,0,0,0,521,1
1,1,2,38,0,0,0,0,1
1,0,0,28,0,5,0,181,0
0,0,2,31,0,116,298,2,0
0,1,2,18,0,0,0,0,1
0,0,1,18,0,0,4,0,0
0,0,0,4,0,0,0,0,1
0,1,1,0,0,0,0,0,1
0,0,2,0,0,0,0,0,0
0,1,1,23,0,0,0,0,0
1,0,2,35,0,0,0,0,0
1,1,0,43,0,0,0,0,1
0,0,1,18,0,0,19,751,0
0,0,2,18,0,539,3,900,0
0,0,2,18,0,0,662,30,1
0,0,0,49,0,598,0,118,0
0,0,2,19,0,0,0,0,0
0,1,1,22,0,0,0,0,1
1,0,2,4,0,0,0,311,1
1,0,2,0,0,0,0,0,1
0,1,2,28,0,0,0,0,1
1,0,2,39,0,19,0,421,1
1,0,0,36,0,0,5,0,0
1,1,2,53,0,0,0,0,1
1,0,0,23,0,0,0,6,0
1,1,2,24,0,0,0,0,1
1,0,2,25,0,0,1629,73,0
1,0,2,30,0,209,2566,171,0
0,0,2,20,0,625,2,0,0
2,1,2,40,0,0,0,0,1
0,1,1,18,0,0,0,0,1
0,0,2,57,0,6,372,0,1
2,0,2,47,0,1282,5,495,0
0,1,0,26,0,224,0,0,1
0,0,1,29,0,487,60,12,0
0,0,2,32,0,0,1,0,0
1,1,2,30,0,0,0,0,1
0,0,2,18,0,22,681,0,1
0,0,2,49,0,0,50,0,0
1,1,2,33,0,0,0,0,1
0,0,2,18,0,3,3,1773,0
1,0,2,29,0,0,1,136,1
2,1,2,34,0,0,0,0,1
2,0,2,43,0,1054,576,645,0
2,0,2,18,0,32,1,0,1
0,1,2,31,0,0,0,0,0
2,0,2,15,0,85,1130,0,0
2,1,2,3,0,0,0,0,1
2,1,2,37,0,0,0,0,1
2,1,2,1,0,0,0,0,1
0,0,2,27,0,14,460,12,1
0,1,2,15,0,0,0,0,1
0,0,2,33,0,201,0,0,1
0,0,2,65,0,0,113,208,0
0,0,2,19,0,5,0,123,0
0,0,2,30,0,0,779,0,0
0,0,2,37,0,72,18,0,0
0,0,2,15,0,0,22,1149,0
0,0,2,19,0,511,0,267,0
0,0,2,20,0,749,0,0,0
0,1,0,19,0,0,0,0,0
0,0,0,21,0,499,193,1,0
0,0,2,20,0,2,876,8,1
0,0,2,18,0,0,0,795,0
0,0,2,27,0,1007,0,9,0
1,0,2,23,0,0,23,686,1
0,1,2,25,0,0,0,0,0
0,0,1,72,0,309,0,0,0
0,1,2,35,0,0,0,0,1
0,0,0,29,0,52,612,465,0
0,0,2,11,0,0,0,0,0
0,1,2,7,0,0,0,0,0
2,1,2,28,0,0,0,0,1
0,0,2,28,0,0,12,875,0
2,0,2,41,0,396,653,0,0
0,0,2,28,0,0,486,324,0
0,0,0,19,0,84,4,629,0
0,0,0,8,0,0,0,0,1
0,1,0,4,0,0,0,0,1
0,1,1,38,0,0,0,0,0
2,0,2,21,0,32,1008,0,1
0,1,2,18,0,0,0,0,0
0,1,2,10,0,0,0,0,1
2,0,2,29,0,304,48,946,0
2,1,2,25,0,0,0,0,1
1,1,2,40,0,0,0,0,1
1,0,2,19,0,0,0,918,0
2,0,2,38,0,86,783,0,1
0,0,2,19,0,29,0,0,1
2,0,2,0,0,0,0,0,1
2,1,2,4,0,0,0,0,1
2,1,2,29,0,0,0,311,1
0,0,2,46,0,0,0,369,0
2,1,2,32,0,0,0,0,1
1,0,2,26,0,0,0,0,1
1,1,2,23,0,0,0,0,1
0,1,0,32,0,0,0,0,1
0,0,2,31,0,0,55,56,1
0,0,2,34,0,0,880,22,1
0,0,2,45,0,0,233,453,0
0,0,2,61,0,67,654,0,0
2,0,2,21,0,1242,654,0,0
2,0,2,28,0,1852,870,0,0
2,0,2,15,0,1150,175,1,0
0,1,2,14,0,0,0,0,0
0,1,2,18,0,0,0,0,1
1,1,2,39,0,0,0,0,1
2,1,2,62,0,0,0,0,1
2,0,2,40,0,1309,0,0,0
0,0,2,21,0,5,0,22,0
2,1,2,12,0,0,0,0,1
1,0,2,27,0,0,0,1866,1
1,0,2,28,0,1722,0,87,0
0,0,2,0,0,0,0,0,1
0,0,2,17,0,4,867,0,0
2,0,0,23,0,218,2267,497,0
0,0,2,6,0,0,0,0,1
0,1,1,29,0,0,0,0,1
0,0,2,41,0,836,0,311,0
1,0,0,27,1,0,1929,0,1
1,1,2,34,0,0,0,0,1
1,1,0,36,0,0,0,0,1
0,0,2,30,0,467,0,0,0
1,0,2,30,0,0,0,31,0
0,0,0,29,1,0,0,2,1
0,0,2,21,0,380,161,0,0
0,0,0,21,0,532,37,1,0
0,0,0,18,0,2,576,37,0
2,1,2,11,0,0,0,0,1
2,0,2,65,0,1399,0,0,0
2,0,0,25,0,149,194,731,0
2,1,0,0,0,0,0,0,1
0,0,2,24,0,0,729,311,0
0,1,1,19,0,0,0,0,1
0,0,2,23,0,0,0,0,0
1,0,1,45,1,224,0,4864,0
0,1,0,52,0,0,0,0,1
0,0,1,55,0,0,277,48,1
0,1,1,24,0,0,0,0,0
0,0,2,31,0,773,0,311,0
0,1,2,18,0,0,0,0,0
0,1,2,22,0,0,0,0,0
0,0,2,39,0,799,0,4,0
0,1,1,19,0,0,0,0,1
1,0,0,33,0,988,0,2274,0
0,1,1,14,0,0,0,0,1
2,0,2,30,0,697,602,0,0
2,1,2,30,0,0,0,0,1
2,1,2,21,0,0,0,0,1
2,0,2,45,0,506,2,829,0
2,1,2,17,0,0,0,311,1
1,0,2,39,0,0,173,1831,0
1,0,2,22,0,0,0,1098,0
0,0,2,37,0,477,167,0,0
1,0,2,48,0,0,0,408,1
1,1,2,33,0,0,0,0,1
1,0,0,37,0,0,2,1294,0
0,0,2,27,0,1403,1081,0,0
2,1,2,29,0,0,173,0,1
2,0,2,38,0,30,117,372,1
2,1,2,16,0,0,0,0,1
0,0,1,18,0,0,1792,16,0
0,0,2,28,0,41,63,0,0
2,1,2,47,0,0,0,0,1
1,1,2,15,0,0,0,0,1
1,1,2,13,0,0,0,0,1
0,1,1,19,0,0,0,0,0
1,1,2,17,0,0,0,0,1
1,1,2,31,0,0,0,0,1
0,0,2,19,0,49,0,0,1
1,0,0,25,0,0,0,642,0
1,0,2,26,0,0,1,1030,0
0,1,0,25,0,0,0,0,1
0,0,2,2,0,0,0,0,0
0,0,2,7,0,0,0,0,0
0,1,2,2,0,0,0,0,1
0,0,2,19,0,0,0,311,0
0,0,2,1,0,0,0,0,0
0,1,2,4,0,0,0,0,1
0,0,0,49,0,336,377,0,1
2,1,2,61,0,0,0,0,1
2,0,2,57,1,435,1435,4,1
0,0,0,52,0,0,638,115,1
0,0,2,22,0,1,243,0,0
1,1,0,37,0,0,0,0,1
0,0,1,15,0,64,0,0,1
2,1,2,28,0,0,0,0,1
2,0,2,40,0,963,320,1,0
0,0,2,13,0,0,505,2810,0
0,0,2,24,0,462,0,0,0
0,1,1,25,0,0,0,0,1
0,0,2,25,0,0,0,788,0
1,0,2,43,0,0,0,2750,0
0,1,2,46,0,0,0,0,0
0,1,2,3,0,0,0,0,0
0,0,2,3,0,0,0,0,1
0,1,2,3,0,0,0,0,1
0,0,2,8,0,0,0,0,0
0,0,2,57,0,0,1,0,1
0,0,2,11,0,0,0,0,0
0,0,2,20,0,0,0,1535,0
0,0,0,27,0,0,0,2256,0
0,0,2,20,0,781,33,311,1
0,1,1,14,0,0,0,0,1
0,0,1,24,0,86,1,0,0
0,0,2,21,0,163,54,245,0
1,0,0,33,1,9,0,5577,0
1,0,2,32,0,0,0,2148,0
0,0,1,22,0,2,404,0,1
1,1,2,15,0,0,0,0,1
1,1,2,41,0,0,0,0,1
1,1,0,31,0,0,0,0,1
1,1,0,35,0,0,0,0,1
0,1,2,48,0,0,0,311,1
0,1,2,15,0,0,0,0,1
0,0,2,37,0,0,1025,0,1
2,0,2,21,0,1214,566,311,0
0,0,2,34,0,44,51,0,0
0,1,2,19,0,0,0,0,0
0,0,2,52,0,289,0,112,0
0,0,2,15,0,0,0,0,1
0,0,2,24,0,0,591,22,0
0,0,2,45,0,0,635,2,1
1,1,0,13,0,0,0,0,1
1,0,2,18,0,0,0,206,0
0,0,2,19,0,0,481,0,1
0,1,2,20,0,0,0,0,1
0,0,2,20,0,4210,0,58,0
0,0,2,27,0,1,739,0,1
0,0,2,22,0,0,6,0,0
0,1,1,17,0,0,0,0,0
0,1,0,23,0,0,0,0,1
0,0,2,29,0,324,546,0,0
1,1,0,24,0,0,0,0,1
1,0,0,26,0,1,25,564,0
0,1,2,36,0,0,0,0,0
0,0,2,25,0,341,2,2,1
0,0,1,36,0,52,132,334,0
2,0,2,32,0,725,1641,0,0
0,1,0,16,0,0,0,0,1
2,0,2,32,0,857,0,33,0
0,0,2,48,0,0,1,0,0
0,0,2,25,0,1,1,14,0
1,1,0,46,0,0,0,0,1
1,0,0,32,0,0,0,9655,0
1,0,2,50,0,0,0,44,1
2,0,0,31,0,1997,0,0,0
2,1,2,27,0,0,0,0,1
1,0,0,52,1,0,1536,0,0
1,1,2,34,0,0,0,0,1
1,1,0,40,0,0,0,0,1
1,0,2,36,0,0,18,1669,1
0,0,2,19,0,112,265,396,0
1,1,0,33,0,0,0,0,1
0,0,2,23,0,29,173,332,0
1,0,0,57,0,0,31,665,0
1,1,0,24,0,0,0,0,1
1,1,0,19,0,0,0,0,1
1,1,2,54,0,0,0,0,1
1,0,2,28,0,1004,0,0,1
1,0,2,26,1,1,0,5,1
0,1,1,43,0,0,0,0,0
0,0,2,39,0,0,63,677,0
0,0,2,21,0,32,0,0,1
0,0,0,24,0,0,608,37,0
2,0,2,35,0,0,0,0,0
2,1,2,61,0,0,0,0,1
0,0,2,21,0,0,0,687,0
0,1,0,14,0,0,0,0,1
2,0,0,38,0,1161,19,0,0
0,1,0,23,0,0,0,0,1
1,0,0,31,1,8243,0,3220,0
1,0,0,66,1,0,1,1873,0
0,1,2,56,0,0,0,0,0
0,0,0,21,0,39,94,33,0
1,0,0,49,0,0,1083,110,0
1,0,0,21,0,2,64,4952,0
2,0,2,27,0,244,492,297,1
0,0,2,23,0,0,51,1711,0
0,0,2,27,0,0,0,716,0
0,0,2,49,0,188,143,1443,0
0,0,2,38,0,0,3,34,0
1,1,2,60,0,0,0,0,1
0,1,0,47,0,0,0,0,0
1,1,2,29,1,0,0,0,1
0,1,2,19,0,0,0,0,1
1,0,0,32,1,65,0,88,0
0,1,1,22,0,224,0,0,1
2,0,0,35,0,319,6331,8,1
0,0,2,28,0,0,3,667,1
0,1,1,22,0,0,0,0,0
2,0,2,42,0,770,1301,311,1
1,0,0,37,0,18,1,1254,1
2,0,2,31,0,49,977,0,1
2,0,2,33,1,1264,36,473,0
1,0,2,48,0,3784,146,1770,0
1,0,2,31,0,0,0,311,0
1,1,0,18,0,0,0,0,1
0,0,2,44,0,0,2036,2,1
0,1,0,22,0,0,0,0,1
0,0,2,18,0,490,54,195,0
2,1,2,48,0,0,0,0,1
2,1,2,2,0,0,0,0,1
2,0,2,0,0,0,0,0,1
0,0,2,43,0,21,863,0,0
0,0,1,51,0,590,73,0,0
0,0,0,48,0,0,0,0,1
2,0,2,51,0,870,278,154,0
0,0,2,20,0,224,0,327,1
1,0,2,41,0,0,0,0,0
0,0,2,27,0,3,10,4,1
1,0,0,56,0,53,0,140,0
1,1,0,26,0,0,0,0,1
0,0,2,21,0,11,0,839,0
2,0,2,28,0,2502,44,23,0
0,0,0,23,0,348,0,0,0
1,0,0,28,0,0,0,0,0
2,1,2,40,0,0,0,0,1
2,0,2,39,0,5327,290,0,0
2,1,2,16,0,0,0,0,1
0,0,2,20,0,59,27,311,0
0,0,2,24,0,686,13,0,0
2,0,2,45,1,1093,341,0,0
2,0,0,33,0,1914,0,0,1
2,1,2,19,0,0,0,0,0
0,0,2,15,0,114,22,419,0
0,0,2,18,0,0,7,717,0
0,0,2,21,0,129,280,183,0
2,1,2,37,0,0,0,0,1
1,0,2,53,0,0,173,630,0
2,0,2,19,0,0,0,0,0
2,0,2,17,0,387,28,2183,0
0,0,1,58,0,487,195,0,1
1,0,2,18,0,0,0,18572,0
1,0,0,25,1,0,0,266,1
1,1,2,39,0,0,0,0,1
1,1,0,40,0,0,0,0,1
2,0,2,27,1,3,208,951,0
2,0,2,3,0,0,0,0,1
2,1,2,18,0,0,0,0,1
0,1,0,18,0,0,0,0,1
0,1,1,29,0,0,173,0,0
0,0,2,22,0,3,0,0,0
1,0,2,34,0,0,0,70,1
0,1,1,19,0,0,0,0,0
2,0,2,26,0,5757,206,0,0
1,0,2,33,0,0,0,140,0
0,0,2,34,0,10,1,0,1
0,1,2,18,0,0,0,0,1
2,1,2,40,0,0,0,0,1
2,0,2,53,0,1042,2,1,0
2,1,2,8,0,0,0,0,1
2,0,2,54,0,1763,11,0,0
2,1,0,29,0,0,0,0,1
2,1,2,56,0,0,0,0,1
0,0,1,21,0,4,149,17,0
1,1,2,25,1,0,0,0,1
1,1,2,33,0,0,0,0,1
0,0,2,22,0,4,72,21,0
2,0,2,50,0,748,269,0,0
2,0,0,24,0,0,396,256,0
0,0,2,25,0,637,89,312,0
2,1,2,59,0,0,0,0,1
1,0,0,26,0,6,0,1273,0
1,0,2,19,0,0,0,4199,0
0,0,2,37,0,210,601,1,0
2,1,2,22,0,0,0,0,1
1,1,2,44,0,0,0,0,1
1,1,0,25,0,0,0,0,1
0,1,2,23,0,0,0,0,1
0,0,0,6,0,0,0,0,1
0,1,1,39,0,0,0,0,1
0,0,0,26,0,12,0,103,0
0,0,0,14,0,547,5,0,0
0,1,2,3,0,0,0,0,0
0,0,1,21,0,10,3,2519,0
0,1,2,24,0,0,0,0,0
0,1,1,18,0,0,0,0,0
2,0,2,37,0,50,343,2205,0
2,1,2,21,0,0,0,0,1
1,0,2,67,0,0,0,2279,0
1,1,2,28,0,0,0,0,1
1,1,0,13,0,0,0,0,1
1,0,2,26,0,0,0,436,0
1,1,0,33,0,0,0,0,1
0,1,2,18,0,0,0,0,0
0,0,2,24,0,13,0,1154,0
0,0,2,26,0,0,148,551,0
0,0,1,21,0,0,9,71,1
0,0,2,27,0,0,2,994,0
0,1,1,15,0,0,0,0,1
0,0,0,24,0,2,0,0,0
0,0,2,31,0,4,870,0,0
0,0,2,10,0,0,0,0,1
0,0,2,23,0,4,1785,0,1
0,0,0,50,0,0,117,712,1
0,1,0,13,0,0,0,0,1
2,0,2,43,0,27,797,830,0
2,1,0,20,0,0,0,0,1
0,0,2,21,0,11,0,0,1
1,0,0,18,0,0,0,0,0
1,1,2,16,0,0,0,0,1
1,0,2,47,0,187,977,3441,0
2,0,2,35,1,1234,7,0,0
0,0,2,15,0,9,85,0,0
0,0,2,46,0,135,0,0,0
0,1,2,6,0,0,0,0,0
0,0,2,26,0,1,1,15,0
0,0,1,49,0,0,0,0,0
0,1,2,28,0,0,0,0,1
2,1,2,37,0,0,0,0,0
0,0,2,17,0,2,97,553,0
0,0,2,38,0,1739,0,83,0
0,0,2,18,0,224,0,0,0
2,1,2,55,0,0,0,0,1
0,1,2,28,0,0,0,0,1
2,0,2,25,0,987,6221,141,1
2,0,2,17,0,330,967,0,0
0,1,2,22,0,0,0,0,0
0,0,2,4,0,0,0,0,1
0,0,0,3,0,0,0,0,1
2,1,2,21,0,0,0,0,0
2,0,2,24,0,1455,163,2354,0
0,0,2,50,0,133,525,0,0
2,0,2,3,0,0,0,0,1
2,0,2,19,0,1146,3,0,0
2,1,2,22,0,0,0,0,1
0,0,1,20,0,0,0,0,0
2,0,2,18,0,2048,2,848,0
0,0,2,27,0,20,11,0,0
0,0,2,29,0,0,0,0,0
0,0,0,23,0,1,1908,318,1
1,1,2,48,0,0,0,0,1
1,0,2,32,0,0,0,3030,0
1,1,2,55,0,0,0,0,1
1,0,0,49,0,3,2,5775,0
0,1,2,15,0,0,0,0,1
0,1,2,50,0,0,0,0,1
0,0,2,35,0,777,23,0,0
1,0,2,29,0,0,0,1663,0
1,0,0,38,1,0,0,1841,0
1,1,0,29,1,0,0,0,1
2,0,2,39,0,200,1083,65,1
2,0,2,49,0,0,1364,226,1
2,0,2,39,0,345,848,0,0
0,0,2,19,0,125,23,0,1
0,0,2,19,0,886,0,1587,0
0,0,2,14,0,450,896,0,1
0,1,0,40,0,0,0,0,1
0,0,2,40,0,909,0,0,0
2,0,2,20,0,733,455,311,0
2,1,2,6,0,0,0,0,1
2,0,2,41,0,806,125,1008,0
2,0,2,37,0,0,0,0,0
0,0,2,31,0,949,22,0,0
0,0,2,8,0,0,0,0,0
0,0,2,55,0,506,456,0,0
0,1,1,16,0,0,0,0,1
1,0,0,29,0,1,1,265,1
0,0,2,40,0,21,0,267,0
1,1,2,27,0,0,0,0,1
2,0,2,21,0,4924,49,2,0
1,1,2,25,0,0,0,0,1
2,0,2,44,0,224,700,0,0
2,0,2,34,0,368,1729,0,0
2,0,2,1,0,0,0,0,1
2,0,2,1,0,0,0,0,1
0,0,1,42,0,51,87,21,0
0,0,2,18,0,1,0,226,0
0,1,0,21,0,0,0,0,1
0,0,2,24,0,0,594,95,1
0,0,2,28,0,0,0,595,0
0,1,1,18,0,0,0,0,0
0,1,1,27,0,0,0,0,1
0,1,2,13,0,0,0,0,1
0,0,2,10,0,0,0,0,0
0,1,2,8,0,0,0,0,0
2,0,2,40,0,76,1169,0,1
1,1,1,35,0,0,0,0,1
2,0,2,13,0,217,928,0,0
2,0,0,19,0,203,172,1460,0
0,0,2,44,0,84,308,0,0
2,1,2,36,0,0,0,0,1
2,0,2,29,0,2239,146,0,0
0,0,1,28,0,679,0,0,0
0,0,2,36,0,0,456,277,0
0,0,1,24,0,312,50,0,0
2,1,2,14,0,0,0,0,1
2,0,2,50,0,1584,36,104,1
0,0,1,20,0,426,220,2,0
0,0,2,38,0,139,0,0,0
1,0,2,33,1,0,0,3,0
1,0,0,54,0,0,2370,949,0
1,0,0,20,0,0,0,0,1
0,0,0,23,0,0,1063,36,1
1,1,0,65,0,0,0,0,1
2,1,2,51,0,0,0,0,0
2,0,2,36,0,2002,10,87,0
0,0,2,38,0,32,0,52,0
0,0,0,28,0,34,0,0,0
0,0,2,32,0,258,3,15,1
0,0,2,55,0,694,1,87,0
0,0,2,23,0,1254,45,0,0
0,0,1,38,0,647,1,0,0
0,1,0,18,0,0,0,0,1
0,1,1,32,0,0,0,0,0
0,0,2,44,0,266,2,0,0
0,0,2,62,0,0,164,0,1
1,0,2,66,0,354,0,1180,0
1,0,2,20,0,224,18,4925,0
0,0,2,19,0,193,0,165,0
0,0,2,28,0,22,0,0,0
0,0,1,25,0,224,707,1,1
0,0,2,20,0,227,1,0,0
2,1,2,18,0,0,0,0,1
2,0,2,20,0,224,289,976,1
1,1,2,14,0,0,0,0,1
1,0,0,49,0,0,0,245,1
1,0,2,49,0,4,1401,1043,0
0,0,0,19,0,179,246,280,0
0,0,2,53,0,1613,0,0,0
2,0,2,31,0,947,19,0,0
0,0,2,18,0,24,0,0,0
0,0,2,24,0,0,124,4,0
2,0,2,35,0,2758,1,0,0
0,0,2,27,0,0,0,545,0
0,0,2,38,0,22,40,732,0
0,0,2,23,0,0,9,69,0
0,0,2,22,0,151,613,6,0
1,1,0,38,0,0,0,0,1
0,0,2,28,0,1,210,0,1
2,0,2,25,0,520,139,0,0
2,0,2,45,0,74,0,1130,0
0,0,2,22,0,804,0,0,0
0,0,2,30,0,32,497,0,1
2,1,0,25,0,0,0,0,1
2,1,2,24,0,0,0,0,1
2,0,2,44,0,1,2080,11,1
0,0,2,6,0,0,0,0,0
0,1,2,0,0,0,0,0,1
0,0,1,14,0,476,0,328,0
0,0,2,37,0,0,11,1028,0
0,0,2,15,0,0,82,5,0
0,0,2,0,0,0,0,0,1
0,0,2,17,0,0,66,0,1
0,0,2,58,0,0,3,3,0
1,1,0,15,0,0,0,0,1
1,0,0,53,0,0,0,3939,0
2,0,2,29,0,257,782,8,0
0,1,2,24,0,0,0,0,1
0,0,2,40,0,0,286,6,1
0,0,0,21,0,2,0,634,0
0,0,2,30,0,0,0,726,0
0,0,2,20,0,0,2,623,0
2,1,2,20,0,0,0,0,1
2,0,2,18,0,697,25,0,0
2,1,2,36,0,0,0,0,1
0,0,2,20,0,874,80,311,0
0,0,2,4,0,0,0,0,1
1,1,0,59,0,0,0,0,1
0,0,2,20,0,11,0,843,0
0,0,0,4,0,0,0,0,0
0,0,2,23,0,0,0,35,1
1,0,0,25,0,698,0,146,1
0,0,1,20,0,0,82,0,0
0,0,2,22,0,0,637,0,1
0,0,2,6,0,0,0,0,1
0,0,2,14,0,588,1,0,0
0,1,2,0,0,224,0,0,0
0,1,2,4,0,0,0,0,0
0,0,2,37,0,63,0,0,0
0,0,2,14,0,0,148,0,1
0,0,2,34,0,14,0,41,1
0,1,0,3,0,0,0,0,1
0,0,1,18,0,0,110,588,0
0,0,2,27,0,1771,242,0,0
0,0,2,19,0,0,855,11,1
0,0,2,37,0,10,51,83,0
1,1,2,29,0,0,0,0,1
0,0,1,37,0,570,7,107,0
2,0,2,32,0,81,1363,0,1
0,0,1,22,0,0,0,617,0
0,0,2,38,0,0,0,204,1
0,0,2,24,0,0,0,2019,0
0,0,1,63,0,0,80,0,0
2,1,2,23,0,0,0,0,0
0,0,1,41,0,413,0,7,0
0,0,0,20,0,0,0,335,0
1,1,2,48,0,0,0,0,1
0,1,0,44,0,0,0,0,1
1,1,0,15,0,0,0,0,1
1,1,0,29,0,0,0,0,1
1,0,2,64,0,0,0,4111,0
0,0,2,19,0,586,0,30,0
0,1,1,28,0,0,0,0,1
0,0,2,44,0,857,1,8,0
0,1,2,13,0,0,0,0,1
0,0,2,45,0,198,1,0,1
1,0,0,25,0,0,1359,492,0
2,1,2,19,0,0,0,0,1
0,0,2,29,0,128,130,132,0
0,1,0,21,0,0,0,0,1
1,0,0,13,0,1212,0,4016,0
1,0,0,25,0,1369,3,4502,0
1,0,2,46,0,1384,0,1572,0
0,0,0,37,0,88,719,88,1
0,0,0,19,0,0,0,0,1
2,0,2,29,0,230,1404,464,0
2,1,2,21,0,0,0,0,1
2,1,2,13,0,0,0,0,1
0,1,0,15,0,0,0,0,1
0,0,2,42,0,4,0,0,0
0,1,2,28,0,0,0,0,0
0,0,2,26,0,903,182,0,0
0,1,2,19,0,0,0,0,0
0,0,2,18,0,0,628,0,1
0,0,0,50,0,0,4,0,0
2,1,2,28,0,0,0,0,1
1,0,2,24,0,3,0,112,1
1,0,2,31,0,224,0,2760,0
0,0,0,19,0,0,717,1,1
0,0,2,20,0,735,0,41,0
0,0,2,23,0,0,40,0,0
0,0,2,19,0,1037,40,0,1
0,1,0,27,0,0,173,0,1
2,0,2,16,0,1032,267,0,0
2,1,2,76,0,0,0,0,1
2,0,2,41,1,22,354,0,0
0,0,1,24,0,726,200,17,0
0,1,2,12,0,0,0,0,0
0,1,1,28,0,0,0,0,1
1,0,2,36,1,0,0,0,0
2,1,2,20,0,0,0,0,1
0,1,2,7,0,0,0,0,1
2,1,2,21,0,0,0,0,1
2,0,2,33,0,1054,222,22,0
1,0,2,32,0,0,3,500,1
1,0,0,34,0,0,0,112,1
1,0,1,38,1,0,863,207,0
1,1,2,28,0,0,0,0,1
1,1,0,28,0,0,0,0,1
1,1,2,25,0,0,0,0,1
0,0,0,24,0,0,5,0,1
2,1,2,18,0,0,0,0,1
0,0,2,24,0,121,341,307,0
1,1,0,30,0,0,0,0,1
1,1,0,38,0,0,0,0,1
0,0,2,39,0,0,0,56,1
0,1,2,31,0,0,0,0,1
0,0,2,33,0,0,412,379,1
0,1,1,15,0,224,173,0,1
2,1,2,23,0,0,0,0,1
0,1,2,24,0,0,0,0,0
1,0,0,44,0,0,7148,427,1
0,0,2,22,0,0,0,0,0
2,1,2,28,0,0,0,0,1
0,0,0,34,0,0,717,0,1
0,0,2,8,0,0,0,0,0
0,0,2,26,0,1471,7,5,1
2,0,2,29,0,876,54,125,0
0,0,0,58,0,0,620,0,0
0,1,2,4,0,0,0,0,0
0,0,1,1,0,0,0,0,1
0,0,0,17,0,0,615,0,0
0,0,1,27,0,0,0,1606,0
0,0,2,24,0,1186,381,3,1
0,0,2,16,0,0,0,0,1
0,0,2,28,0,0,496,318,0
2,1,2,23,0,0,0,0,1
2,1,0,33,0,0,0,0,1
0,1,1,24,0,0,0,0,1
0,0,2,6,0,0,0,0,1
0,0,2,19,0,23,0,15,0
1,1,2,31,0,0,0,0,1
0,0,2,19,0,16,9,5,1
0,0,2,18,0,0,0,0,0
0,0,2,35,0,522,1,324,0
2,0,2,32,1,0,0,0,1
0,0,0,19,0,720,173,311,0
0,1,1,24,0,0,0,0,1
0,0,2,33,0,0,0,782,0
0,0,2,20,0,0,32,755,0
1,0,2,27,0,0,0,3657,0
1,0,2,26,0,0,0,41,0
0,1,2,28,0,0,0,0,1
0,0,2,19,0,0,0,0,1
0,0,2,24,0,0,3,80,1
1,1,0,52,0,0,0,311,1
0,0,1,23,0,0,120,13,1
0,0,2,23,0,0,0,912,0
1,1,2,25,0,0,0,0,1
0,1,2,22,0,0,0,0,1
2,1,2,35,0,0,0,0,1
0,1,1,24,0,0,0,0,1
0,0,2,24,0,771,22,0,0
2,0,2,26,1,1,170,614,0
2,0,2,37,0,528,1598,62,1
2,0,2,14,0,1737,336,0,0
1,0,2,36,0,0,0,466,1
0,1,1,0,0,224,0,0,1
0,0,1,17,0,0,0,0,1
0,0,2,18,0,327,0,0,0
1,0,2,43,0,224,346,957,0
1,0,2,21,0,3036,0,2,0
2,1,2,34,0,0,0,0,1
1,0,2,57,0,0,0,52,0
1,0,0,18,0,0,0,36,1
0,0,1,73,0,1806,47,0,0
0,0,2,31,0,0,0,0,0
0,0,2,25,0,0,0,6,0
0,1,2,20,0,0,0,0,1
0,0,1,24,0,0,40,0,0
0,0,2,28,0,194,10,629,0
0,1,2,21,0,0,0,0,0
0,0,1,22,0,0,165,404,0
0,0,0,39,0,0,1291,224,0
0,0,2,26,0,0,0,0,0
1,1,2,32,0,0,0,0,1
0,1,2,1,0,224,0,0,1
0,0,2,7,0,0,0,0,0
0,0,2,4,0,0,0,0,0
0,0,2,21,0,0,0,593,0
0,1,2,12,0,0,0,0,0
2,0,2,28,0,1708,65,1,0
2,0,2,0,0,0,0,0,1
2,1,2,18,0,0,0,0,1
2,0,2,52,0,1231,8,0,0
0,0,2,18,0,13,27,0,0
1,1,2,51,0,0,0,0,1
1,0,0,21,0,0,4407,0,1
1,0,0,28,0,224,0,5025,0
2,1,2,34,0,0,0,0,1
0,1,2,13,0,0,0,0,1
0,0,2,35,0,503,2,0,0
0,0,2,27,0,1,0,20,0
0,0,2,35,0,1,0,0,0
2,0,0,51,0,324,563,119,0
2,0,2,53,0,24,1105,0,0
0,0,2,29,0,311,665,0,0
0,0,2,41,0,0,173,0,0
0,0,2,47,0,42,0,0,0
0,0,0,22,0,0,626,0,0
0,0,2,19,0,0,21,788,0
0,0,1,22,0,0,0,620,0
1,1,0,25,0,0,0,0,1
0,1,2,28,0,0,0,0,1
0,1,0,17,0,0,0,0,1
0,1,0,0,0,0,0,0,1
0,1,2,5,0,0,173,0,0
0,0,2,30,0,0,0,80,0
0,1,2,17,0,224,0,0,1
0,0,2,53,0,0,0,67,0
0,1,2,9,0,0,0,0,0
1,0,2,17,0,0,23492,356,1
1,1,0,16,0,0,0,0,1
1,1,2,29,0,0,0,0,1
1,0,0,29,0,80,0,1465,0
2,0,2,46,0,479,699,0,0
0,0,1,27,0,32,5,588,0
1,0,2,39,0,2101,0,525,0
0,1,0,15,0,0,0,0,1
0,0,2,30,0,604,50,147,0
0,1,2,41,0,0,0,0,0
0,0,2,47,0,224,0,967,0
2,0,0,32,0,2555,456,2,0
0,0,0,15,0,0,816,39,0
0,0,2,23,0,2,0,0,1
1,1,0,20,0,0,0,0,1
1,1,2,33,0,0,0,0,1
0,1,2,18,0,0,0,0,0
0,0,2,31,0,0,409,102,0
0,1,2,25,0,0,0,0,0
0,1,1,19,0,0,0,0,1
2,1,0,32,0,0,0,0,1
0,0,2,45,0,2,307,64,0
0,0,2,43,0,224,623,0,0
0,0,2,21,0,128,8,3,0
0,0,2,48,0,38,23,722,0
0,0,0,0,0,0,0,0,1
1,1,2,29,0,0,0,0,1
1,0,0,41,0,3,0,0,0
0,0,2,23,0,0,0,299,0
0,0,0,48,0,304,164,320,0
0,0,1,18,0,0,0,391,1
2,0,2,30,0,522,173,0,1
2,0,2,26,1,1297,62,0,0
0,0,2,18,0,0,0,618,1
2,0,0,27,0,63,1970,0,1
0,1,2,58,0,224,0,0,1
0,0,2,22,0,1,13,217,0
2,0,2,17,0,3146,87,135,0
0,0,2,28,0,1954,0,0,0
0,0,2,27,0,0,0,298,0
0,0,2,51,0,0,689,0,0
2,1,2,37,0,0,0,0,0
1,1,2,14,0,0,0,0,1
1,1,2,43,0,0,0,0,1
1,0,0,27,0,0,0,13995,0
1,0,2,60,0,0,947,668,1
1,0,2,33,0,0,0,1432,0
0,0,2,39,0,266,1,0,0
0,1,1,21,0,0,0,0,1
2,0,0,21,0,1410,49,0,0
1,1,0,28,0,0,0,0,1
0,1,1,30,0,0,0,311,1
1,0,0,42,0,0,0,471,1
0,1,2,25,0,0,0,0,1
1,1,0,25,0,0,0,0,1
1,0,2,25,0,6899,0,2234,0
0,1,2,54,0,0,0,0,0
1,1,2,41,0,0,0,0,1
0,0,2,36,0,0,204,559,0
0,0,0,33,0,1006,1357,45,0
1,0,0,36,1,132,0,3786,0
1,1,2,55,0,0,0,0,1
0,0,2,16,0,866,0,184,0
0,0,2,28,0,0,338,135,0
2,0,2,26,0,887,15,148,0
0,0,2,42,0,815,2,11,0
0,0,1,30,0,1269,0,0,0
1,0,2,31,0,1062,0,2718,0
1,1,2,22,0,0,0,0,1
1,1,0,26,0,0,0,0,1
1,1,0,25,0,0,0,0,1
1,0,2,44,0,0,0,568,1
1,0,0,29,0,0,0,3,0
0,0,0,22,0,0,1072,46,0
0,1,2,23,0,0,0,0,1
2,0,2,30,0,160,719,162,0
2,0,2,23,0,455,591,232,0
1,0,2,13,0,24,1069,1376,0
1,1,0,53,0,0,173,0,1
0,1,2,0,0,0,173,0,1
0,0,1,27,0,0,0,59,0
0,1,2,27,0,0,0,0,0
0,1,0,10,0,0,0,0,1
0,1,2,2,0,0,0,0,1
0,0,0,5,0,0,0,0,1
0,0,2,24,0,0,758,0,0
0,0,2,32,0,0,0,0,0
0,0,0,22,0,23,1353,0,1
0,1,1,22,0,0,0,0,0
0,0,1,44,0,0,0,0,0
0,0,2,55,0,1,58,0,1
0,0,2,22,0,34,0,711,0
0,0,2,8,0,0,0,0,0
0,0,0,15,0,0,0,208,0
0,1,2,1,0,0,0,0,0
0,0,2,9,0,0,0,0,1
0,0,2,48,0,0,784,4,1
0,0,1,16,0,0,761,0,0
0,1,2,27,0,0,0,0,1
0,1,1,3,0,0,0,0,1
0,0,2,25,0,1258,22,19,0
1,0,0,70,0,0,0,1972,0
1,0,0,30,0,11,0,2049,0
1,1,2,57,0,0,0,0,1
0,0,2,42,0,866,16,0,0
0,1,1,14,0,0,0,0,0
0,0,2,43,0,0,0,2,1
2,1,2,34,0,0,0,0,1
0,0,2,21,0,8,0,0,1
0,0,2,32,0,0,51,440,0
0,0,2,21,0,224,496,430,0
0,0,2,25,0,3402,28,259,0
1,1,0,25,0,0,0,0,1
0,0,2,38,0,1736,123,5,0
0,1,2,36,0,0,0,0,0
0,1,2,44,0,0,0,0,1
0,0,2,37,0,15,0,786,0
0,0,2,47,0,0,16,3,0
2,0,2,38,0,1478,631,0,0
2,0,2,28,0,224,0,0,0
1,1,0,38,0,0,0,0,1
0,0,1,53,0,1215,0,0,0
0,0,2,26,0,0,0,1,1
0,0,0,13,0,0,23,5,1
0,0,2,64,0,37,234,0,1
0,1,2,16,0,0,0,0,0
0,0,2,13,0,101,184,780,0
0,1,0,55,0,0,0,0,0
2,0,2,26,0,733,1296,80,0
2,1,2,23,0,0,0,0,1
2,1,2,55,0,0,0,0,1
2,1,2,50,0,0,0,0,1
0,0,1,26,0,0,20,0,0
0,0,2,36,0,794,0,228,0
0,1,1,33,0,0,0,0,0
0,0,2,21,0,0,0,808,0
2,1,2,41,0,0,0,0,1
1,0,0,33,0,0,0,226,0
1,1,2,23,0,0,0,0,1
2,0,2,31,0,2575,2,311,0
2,0,2,28,0,1789,3,10,0
0,0,2,13,0,590,32,363,0
0,0,2,28,0,6,0,800,0
2,0,2,35,0,3,11,0,0
2,0,2,25,0,410,14,1239,0
0,1,1,19,0,0,0,0,1
1,1,2,56,0,0,0,0,1
0,0,2,18,0,83,1,0,0
0,0,2,22,0,1,0,0,0
0,1,2,34,0,0,0,0,0
0,0,2,11,0,0,0,0,0
1,1,0,37,0,0,0,311,1
1,0,0,22,0,0,1,3761,0
0,0,2,45,0,1,638,9,0
2,1,2,19,0,0,0,311,1
0,1,2,39,0,0,0,0,1
1,1,2,28,0,0,0,0,1
0,0,2,36,0,0,0,0,0
0,1,1,1,0,0,0,0,1
0,0,1,10,0,0,0,0,1
0,0,0,12,0,0,0,0,1
0,0,2,31,0,0,0,54,0
0,0,2,12,0,0,0,0,0
0,1,2,3,0,0,0,0,1
1,1,0,30,1,0,0,0,1
0,0,2,41,0,169,516,0,1
0,0,2,19,0,640,0,38,0
0,1,0,38,0,0,0,0,0
0,1,2,36,0,0,173,0,1
0,1,2,0,0,0,0,0,1
2,0,2,20,0,574,792,11,0
0,0,2,23,0,9,1,0,0
0,0,2,35,0,0,0,684,0
1,0,0,36,0,23,0,1159,0
1,1,2,41,0,0,0,0,1
2,0,2,38,0,48,5,11,1
0,0,2,33,0,1060,1,0,0
0,0,2,54,0,724,71,0,0
0,0,1,33,0,0,2,0,0
0,0,1,54,0,65,0,177,1
1,0,0,32,0,0,0,168,1
0,0,2,24,0,0,0,5,1
0,0,2,53,0,49,0,0,0
0,1,2,26,0,0,0,0,1
0,0,2,31,0,459,0,5,0
0,1,1,18,0,0,173,0,0
0,1,2,39,0,0,0,0,1
2,0,2,37,0,148,684,1446,0
0,0,2,35,0,270,453,7,1
1,0,0,34,0,0,11,62,0
0,0,2,28,0,0,6,0,0
0,0,2,43,0,698,0,0,1
2,1,2,2,0,0,173,0,1
0,0,2,24,0,0,807,0,0
0,0,1,18,0,87,483,0,0
0,0,2,21,0,802,1,1,1
0,0,1,24,0,224,173,0,1
0,0,1,35,0,0,0,0,0
0,0,0,53,0,0,0,13,0
1,0,2,32,1,1003,0,0,0
2,1,2,44,0,0,0,0,1
2,1,2,33,0,0,0,0,1
1,0,2,40,0,0,0,269,1
1,0,2,31,0,1,1338,698,1
1,0,2,23,0,381,52,654,0
1,0,0,44,0,0,0,0,1
1,0,2,41,1,0,0,3238,0
1,0,2,31,0,0,8,616,1
1,0,0,30,0,1569,0,311,0
1,1,0,33,0,0,0,0,1
0,0,1,30,0,0,0,0,1
1,0,2,26,0,8586,114,29,0
2,1,0,22,0,0,0,0,1
1,1,0,37,0,0,0,0,1
1,1,2,15,0,0,0,0,1
1,1,2,52,0,0,0,0,1
0,1,2,35,0,0,0,0,1
0,0,2,40,0,757,4,2,0
0,0,2,60,0,0,173,360,0
0,0,2,24,0,0,0,795,1
0,0,0,31,0,15,89,6,1
1,1,0,43,0,0,0,0,1
0,0,0,9,0,0,0,0,0
0,0,2,51,0,6,0,0,1
0,0,2,25,0,2,45,0,0
0,1,2,20,0,0,0,0,1
0,0,1,22,0,623,173,0,1
0,1,2,21,0,0,0,0,0
2,1,2,50,0,0,0,311,1
2,0,2,24,0,745,977,4,0
0,0,2,45,0,1,0,660,0
0,0,2,22,0,676,13,0,0
0,1,2,7,0,0,0,0,0
0,1,1,11,0,0,0,0,1
0,1,1,1,0,0,0,0,1
0,1,2,0,0,0,0,0,1
0,0,2,8,0,0,0,0,0
1,0,2,36,1,0,715,2868,1
2,1,0,2,0,0,0,0,1
2,0,2,0,0,0,0,0,1
2,0,2,22,0,0,0,0,0
0,0,2,41,0,3,668,0,1
0,0,2,49,0,6,638,1107,0
0,0,2,30,0,8,0,0,1
0,1,2,37,0,0,0,0,0
2,0,2,14,0,2,918,128,0
2,0,2,30,0,699,600,0,0
0,0,2,62,0,102,0,0,1
0,1,1,13,0,0,0,0,1
0,0,2,32,0,0,0,0,1
0,1,2,33,0,0,0,0,0
0,0,0,38,0,28,973,207,1
1,0,2,29,0,0,173,28,1
2,1,2,25,0,0,0,0,1
1,0,0,26,0,0,205,0,1
1,1,0,19,0,0,0,0,1
0,1,1,16,0,0,0,0,1
0,1,1,61,0,0,0,0,0
0,1,2,28,0,0,0,0,1
0,0,2,13,0,39,1085,24,0
0,0,2,44,0,1030,0,11,1
0,1,1,22,0,0,0,0,0
1,1,0,30,0,0,0,0,1
1,1,2,21,0,0,0,0,1
1,1,2,20,0,0,0,0,1
0,1,2,31,0,0,0,0,1
0,1,0,33,0,0,0,0,1
0,0,2,26,0,240,510,0,1
0,0,2,21,0,86,149,208,0
0,1,2,23,0,0,0,0,1
1,0,2,0,0,0,0,0,1
1,0,2,32,0,1,0,50,0
1,0,2,30,0,0,0,2,1
1,0,0,41,1,0,0,1643,0
0,1,1,18,0,0,0,0,0
0,0,2,26,0,0,1872,1,1
1,0,0,32,0,0,0,353,0
1,0,2,44,0,126,0,0,1
